OMA_group,is gappy,overall acc,reconstruction acc,substitution acc,precision,recall,fscore,specificity
1000131,1,93.41584158,70.37953795,0.918170632,0.840909091,1,0.913580247,0.954060705
1000249,1,95.62443026,79.39835916,0.951583619,0.877076412,1,0.934513274,0.985071616
1000358,1,97.40890688,88.09716599,0.973726115,0.971453287,0.975673328,0.973558734,0.993431529
1000360,1,97.96296296,90.83333333,0.979718876,0.947004608,0.978571429,0.962529274,0.995381526
1000362,1,98.96749522,94.8374761,0.994990984,0.981308411,0.878661088,0.927152318,0.999198557
1000739,1,99.92071358,99.60356789,0.999201437,1,1,1,1
1000809,1,98.14616756,90.90909091,0.981707317,0.949438202,0.979710145,0.964336662,0.992682927
1000823,1,98.41059603,92.71523179,0.984206317,0.984570878,0.983622351,0.984096386,0.996801279
1001353,1,96.63585952,85.95194085,0.967356688,0.965879265,0.953367876,0.95958279,0.99741242
1002798,1,94.18013857,75.82755966,0.920118343,0.906426735,1,0.950916936,0.961538462
1002891,1,94.29553265,73.88316151,0.935570748,0.860938884,0.978851964,0.916116871,0.967474622
1002933,1,95.28695652,78.7826087,0.953413655,0.90582404,0.949350649,0.927076728,0.984738956
1003383,1,99.43359375,97.16796875,0.994825871,0.958333333,0.968421053,0.963350785,0.99920398
1003384,1,99.82178218,99.20792079,0.998197476,0.95,1,0.974358974,0.999399159
1003817,1,99.90680336,99.53401678,0.999005964,1,1,1,1
1003905,1,97.87658802,91.83303085,0.978428656,0.939330544,0.98249453,0.960427807,0.994260835
1004146,1,99.62524655,98.12623274,0.996616242,0.936170213,0.956521739,0.946236559,0.999402866
1004368,1,96.77966102,85.31073446,0.969709127,0.938461538,0.938461538,0.938461538,0.995987964
1004406,1,98.55955679,93.07479224,0.988085782,0.994490358,0.952506596,0.973045822,0.999602859
1004511,1,96.96629213,87.45318352,0.971326165,0.961538462,0.943396226,0.952380952,0.997610514
1004593,1,99.9047619,99.52380952,0.999201278,1,0.995867769,0.997929607,1
1004845,1,96.72700941,87.11078928,0.960882648,0.972708548,0.983854167,0.978249612,0.989368104
1005043,1,97.57341577,88.40803709,0.979996116,0.987529228,0.959121877,0.97311828,0.996892601
1005337,1,96.46638054,89.77110157,0.975487358,0.994699647,0.933665008,0.963216424,0.998262884
1005341,1,97.77589134,89.81324278,0.982875348,0.987995198,0.948156682,0.967666079,0.998008761
1006391,1,97.61904762,88.82783883,0.98043131,0.974477958,0.92920354,0.951302378,0.997803514
1006570,1,100,100,1,1,1,1,1
1006589,1,98.39388145,92.06500956,0.985819852,0.945945946,0.941704036,0.943820225,0.997603355
1006742,1,95.29734675,78.68252516,0.953720327,0.951002227,0.944690265,0.947835738,0.99561141
1007251,1,99.19686582,96.08227228,0.992428771,0.988095238,0.965116279,0.976470588,0.999800757
1007342,1,98.3435048,92.32781168,0.982843621,0.996960486,0.987951807,0.992435703,0.9996056
1007426,1,98.19432502,91.57351677,0.982844604,0.98988622,0.976309227,0.983050847,0.998404149
1008205,1,97.90839695,91.3740458,0.972092076,0.948554913,1,0.973598339,0.981870035
1008600,1,99.41060904,97.15127701,0.994608626,1,0.963414634,0.98136646,1
1008660,1,98.96428571,94.82142857,0.992318298,0.976744186,0.963671128,0.970163619,0.997636399
1008831,1,93.59388275,71.19796092,0.934319886,0.904426559,0.944327731,0.923946557,0.980741942
1008886,1,96.59793814,85.30927835,0.974062817,0.959952886,0.920903955,0.940023068,0.993110436
1008898,1,98.23843416,91.72597865,0.983950862,0.953608247,0.968586387,0.961038961,0.994650287
1008899,1,96.91460055,85.39944904,0.965693282,0.878205128,1,0.935153584,0.984480294
1008909,1,95.64080209,81.16826504,0.956486704,0.947300771,0.955901427,0.951581666,0.991740532
1009169,1,97.5582479,87.88443616,0.973652454,0.935714286,1,0.966789668,0.99456959
1009206,1,98.7283237,93.83429672,0.986786787,0.946601942,1,0.972568579,0.997797798
1009324,1,99.70149254,98.50746269,0.9970006,0.774193548,1,0.872727273,0.99860028
1009355,1,94.21720733,75.95204513,0.933294664,0.962097612,0.966110532,0.964099896,0.985885538
1009414,1,98.48803828,92.82296651,0.985867834,0.93236715,0.960199005,0.946078431,0.997213376
1009498,1,98.48249027,92.41245136,0.987276342,0.849557522,0.872727273,0.860986547,0.996620278
1009703,1,99.52662722,97.63313609,0.995811727,0.929824561,0.946428571,0.938053097,0.999202234
1009709,1,95.42168675,80.24096386,0.950239808,0.94047619,0.970515971,0.955259976,0.98501199
1009819,1,98.52348993,93.2885906,0.984061393,0.996567506,0.992027335,0.994292237,0.999409681
1009823,1,96.43601896,84.07582938,0.964841382,0.931343284,0.957055215,0.944024206,0.995352596
1010132,1,99.80276134,99.01380671,0.998010346,0.956521739,1,0.977777778,0.999602069
1010297,1,99.76190476,98.80952381,0.997597117,0.92,1,0.958333333,0.999199039
1010344,1,94.86465584,76.48878577,0.934940231,0.909212283,1,0.952447552,0.97334901
1010356,1,99.29657795,96.48288973,0.997635468,1,0.864864865,0.927536232,1
1010483,1,98.41911765,92.46323529,0.985569106,0.92321755,0.971153846,0.946579194,0.991463415
1010709,1,95.88918677,81.41197498,0.960628272,0.900462963,0.948780488,0.923990499,0.981989529
1010811,1,99.53216374,97.66081871,0.995198079,0.970588235,1,0.985074627,0.99919968
1011323,1,94.04871626,72.21856485,0.910192728,0.910124334,1,0.95294774,0.94973177
1011337,1,99.82370225,99.21645446,0.998596069,1,0.983193277,0.991525424,1
1011498,1,98.38926174,92.32981783,0.986309524,0.975609756,0.914285714,0.943952802,0.999206349
1011982,1,100,100,1,1,1,1,1
1011989,1,99.09702209,95.67723343,0.99663233,0.976923077,0.808917197,0.885017422,0.999405705
1012179,1,98.15589354,91.63498099,0.98445286,0.9218107,0.9218107,0.9218107,0.996212876
1012299,1,99.80099502,99.00497512,0.99820036,0.958333333,0.958333333,0.958333333,0.99980004
1012300,1,99.74384236,98.71921182,0.9974,0.986842105,1,0.993377483,0.9998
1012349,1,98.7202925,93.6928702,0.991742037,0.962162162,0.927083333,0.944297082,0.997247346
1012492,1,99.62524655,98.12623274,0.998605022,1,0.769230769,0.869565217,1
1012571,1,99.51783992,97.58919961,0.99505538,0.984732824,1,0.992307692,0.99960443
1013162,1,94.79948254,76.84346701,0.927371274,0.941252144,1,0.969737133,0.975248419
1013366,1,92.03081232,64.77591036,0.878210616,0.888089241,1,0.940728035,0.933433219
1013766,1,99.68159204,98.4079602,0.996792944,0.9,1,0.947368421,0.999198236
1014071,1,97.7594123,89.34802571,0.976138397,0.890322581,0.995192308,0.93984109,0.989858819
1014303,1,99.47006869,97.35034347,0.99561141,0.9625,0.93902439,0.950617284,0.999401556
1014351,1,94.99207607,79.00158479,0.943620178,0.915482423,0.975298805,0.944444444,0.977645895
1014402,1,98.08550186,91.07806691,0.983658828,0.96875,0.94198895,0.955182073,0.997807892
1014824,1,98.72798434,94.03131115,0.988840175,0.943181818,0.902173913,0.922222222,0.999003587
1015315,1,98.60329777,93.59844811,0.986510613,0.909090909,0.964912281,0.936170213,0.997817893
1015847,1,100,100,1,1,1,1,1
1016014,1,98.94736842,94.93545184,0.989591673,0.775510204,0.974358974,0.863636364,0.997798239
1016374,1,99.59498554,97.97492768,0.996196958,0.989417989,0.989417989,0.989417989,0.99959968
1016509,1,99.5256917,97.6284585,0.995201919,0.983050847,1,0.991452991,0.99980008
1016545,1,97.97996661,91.8196995,0.975624744,0.972735268,0.998194946,0.985300668,0.993650143
1016898,1,99.57073171,97.95121951,0.995581442,0.941935484,1,0.970099668,0.998192408
1016915,1,98.32246039,92.17148183,0.985247209,0.930167598,0.954154728,0.942008487,0.995015949
1016928,1,97.72466539,88.62332696,0.984671238,0.826714801,0.841911765,0.83424408,0.990318677
1016970,1,96.24548736,81.58844765,0.957988285,0.867452135,1,0.929022082,0.981821854
1017127,1,99.94180407,99.70902037,0.9994,1,1,1,1
1017138,1,97.7046096,89.275635,0.977893891,0.950581395,0.96460177,0.957540264,0.996583601
1017165,1,99.21787709,96.08938547,0.991937109,0.973684211,0.995110024,0.984280532,0.997782705
1017334,1,94.57142857,75.17857143,0.93608522,0.923736075,0.985374771,0.953560372,0.980248557
1017399,1,100,100,1,1,1,1,1
1017489,1,94.93995196,76.22097678,0.936200283,0.904761905,1,0.95,0.972541894
1017580,1,99.94065282,99.70326409,0.99959968,1,0.983050847,0.991452991,1
1017637,1,99.78087649,98.90438247,0.997802637,1,1,1,1
1017932,1,98.17028986,91.12318841,0.979868447,0.904676259,1,0.949952786,0.989435918
1018068,1,97.669532,89.11174785,0.9782,0.977973568,0.944680851,0.961038961,0.999
1018616,1,95.40540541,79.8048048,0.942283823,0.950845666,0.985213582,0.967724583,0.980761274
1018681,1,97.24137931,88.18965517,0.967081663,0.950539568,0.996229972,0.972848596,0.988394176
1018699,1,99.01395349,95.1627907,0.990871205,0.911357341,0.979166667,0.944045911,0.993649534
1018851,1,99.61038961,98.05194805,0.995157385,0.987694832,1,0.993809327,0.996973366
1019077,1,99.34975369,96.74876847,0.994379767,0.838095238,0.946236559,0.888888889,0.996587716
1019157,1,99.54679803,97.73399015,0.99721393,1,0.82,0.901098901,1
1019470,1,97.96460177,90.97345133,0.977879633,0.923529412,0.993670886,0.957317073,0.989637306
1019472,1,96.76082863,84.93408663,0.967255408,0.936170213,0.974169742,0.954792043,0.996427863
1019797,1,96.99404762,85.78869048,0.960593055,0.945432977,1,0.97195122,0.982052282
1019829,1,99.18017159,96.09151573,0.995252226,0.977142857,0.9,0.936986301,0.999208704
1019841,1,94.50331126,74.58609272,0.94551347,0.914687775,0.942883046,0.928571429,0.980352441
1019860,1,99.13385827,95.76771654,0.991676817,0.920731707,0.980519481,0.949685535,0.997360942
1020173,1,98.62939585,93.41749324,0.985274172,0.967254408,1,0.983354673,0.997481108
1020342,1,98.48543689,92.91262136,0.985582699,0.967741935,0.961538462,0.964630225,0.998998799
1020388,1,98.14038286,91.52233364,0.98095799,0.923444976,0.987212276,0.954264524,0.9937181
1020406,1,99.54724409,97.93307087,0.995831679,0.930232558,0.952380952,0.941176471,0.999404526
1020497,1,98.74396135,93.91304348,0.988576091,0.96,0.967032967,0.96350365,0.997756018
1020514,1,98.64915572,93.62101313,0.985988049,0.959432049,0.991614256,0.975257732,0.995878838
1020717,1,98.75451264,93.77256318,0.992905006,0.966517857,0.929184549,0.947483589,0.997043752
1021076,1,98.79472693,93.97363465,0.99075005,0.984567901,0.946587537,0.965204236,0.998994571
1021142,1,93.56230032,72.20447284,0.931454836,0.943217666,0.952229299,0.94770206,0.985611511
1021236,1,98.91156463,94.94655005,0.989419046,0.936619718,0.977941176,0.956834532,0.998203234
1021276,1,99.82692308,99.13461538,0.9982,1,1,1,1
1021354,1,98.57142857,93.43629344,0.986391835,0.961956522,0.967213115,0.964577657,0.998599159
1021630,1,99.00584795,95.5165692,0.990996399,0.913043478,0.954545455,0.933333333,0.99759904
1021756,1,99.98005982,99.9002991,0.9998,1,1,1,1
1021872,1,98.18181818,91.10459433,0.982786229,0.933333333,0.941176471,0.937238494,0.998398719
1021987,1,99.38613861,97.02970297,0.994609703,1,0.902439024,0.948717949,1
1022106,1,98.51996105,92.79454722,0.984827311,0.7875,1,0.881118881,0.993212218
1022107,1,98.16216216,91.17117117,0.984047856,0.955307263,0.958878505,0.957089552,0.995214357
1022226,1,98.22825219,92.01915403,0.980754124,0.993150685,0.988917306,0.991029475,0.998428908
1022234,1,95.77338129,80.48561151,0.957412935,0.926126126,0.960747664,0.943119266,0.991840796
1022712,1,97.51960086,89.30862438,0.968915075,0.995675156,0.989966555,0.99281265,0.998171475
1023107,1,94.05975395,75.21968366,0.93498452,0.919463087,0.972781065,0.945370903,0.985139319
1023706,1,98.19417476,91.06796117,0.98136646,0.864130435,1,0.927113703,0.994990984
1023854,1,98.64468864,93.4981685,0.985594705,0.930835735,1,0.964179104,0.995328012
1023897,1,95.71549534,79.08552075,0.961708988,0.92339979,0.933191941,0.928270042,0.98528819
1023904,1,98.35032437,91.75162187,0.982576985,0.957983193,0.993464052,0.97540107,0.995948136
1024194,1,97.82729805,89.50789229,0.976918524,0.926686217,1,0.96194825,0.995068061
1024270,1,97.76340111,89.46395564,0.975891612,0.926540284,1,0.961869619,0.993823471
1024352,1,94.76230192,77.73144287,0.944455505,0.963001028,0.96399177,0.963496144,0.992832968
1024362,1,98.26571201,91.96499602,0.979579458,0.961705202,0.994025392,0.977598237,0.98928427
1024389,1,97.86764706,90.25735294,0.978842315,0.945945946,0.976744186,0.961098398,0.995209581
1024427,1,98.73100983,93.83378016,0.988714228,0.968652038,0.976303318,0.972462628,0.995969367
1024606,1,97.25021349,86.93424424,0.968560828,0.958224543,1,0.978666667,0.99375122
1024726,1,100,100,1,0,0,0,0
1024763,1,98.60165593,94.57221711,0.987515103,0.995623632,0.970149254,0.982721382,0.999597261
1024981,1,99.71403038,98.57015192,0.996821613,0.994680851,1,0.997333333,0.999404052
1025054,1,95.46833185,79.75022302,0.948142099,0.833726415,1,0.909324759,0.97121274
1026000,1,100,100,1,1,1,1,1
1026103,1,97.80199818,89.64577657,0.977858293,0.944344704,0.979515829,0.961608775,0.993760064
1026215,1,98.72060207,94.82596425,0.986225329,0.957446809,0.997782705,0.977198697,0.995888158
1026365,1,98.54823305,93.02769819,0.9848696,0.925764192,1,0.961451247,0.996615568
1026946,1,99.78065803,98.90329013,0.997796033,0.923076923,1,0.96,0.999599279
1026977,1,98.3011583,91.6023166,0.982463133,0.915254237,1,0.955752212,0.997010761
1027012,1,99.25143954,96.2571977,0.999403934,1,0.796610169,0.886792453,1
1027206,1,95.98506069,82.35294118,0.95991984,0.938337802,0.95890411,0.948509485,0.995390782
1027394,1,98.28516378,92.29287091,0.985478417,0.942307692,0.901840491,0.921630094,0.998209668
1027791,1,95.26900085,79.16310845,0.951166035,0.911764706,0.961813842,0.93612079,0.98445286
1027806,1,96.71403197,84.10301954,0.963007399,0.888418079,1,0.940912491,0.984203159
1028174,1,98.77513711,93.96709324,0.990962672,0.997222222,0.944736842,0.97027027,0.999803536
1028193,1,96.02996255,82.4906367,0.957463884,0.896725441,1,0.945551129,0.991773676
1028294,1,99.37924345,96.89621726,0.994974874,0.994252874,0.961111111,0.97740113,0.999798995
1028306,1,99.86055777,99.30278884,0.9992,1,0.85,0.918918919,1
1028378,1,99.64250248,98.21251241,0.9964,0.972222222,1,0.985915493,0.9998
1028571,1,98.30959164,91.73789174,0.984803039,0.926199262,0.950757576,0.938317757,0.9960008
1028800,1,98.96786758,94.93670886,0.989484328,0.954545455,0.994736842,0.974226804,0.99817998
1028944,1,99.74830591,98.83833495,0.997423702,0.983471074,1,0.991666667,0.999603646
1029289,1,99.57156767,97.85783836,0.995984742,0.962025316,0.987012987,0.974358974,0.998795423
1029473,1,99.86152324,99.30761622,0.99859944,0.966101695,1,0.982758621,0.99959984
1029643,1,98.3109405,92.22648752,0.984818218,0.979591837,0.941176471,0.96,0.999200959
1029924,1,98.97435897,94.96676163,0.993209507,0.959677419,0.92248062,0.940711462,0.998002796
1030062,1,99.32898416,96.64492078,0.993592311,0.989218329,0.989218329,0.989218329,0.999199039
1030218,1,97.39279588,87.90737564,0.976407613,0.972868217,0.958015267,0.965384615,0.995836638
1030936,1,95.50042772,80.41060736,0.954645355,0.931633835,0.957142857,0.944216089,0.988211788
1030957,1,96.38655462,83.52941176,0.968825911,0.935897436,0.93960396,0.937747036,0.986842105
1030997,1,99.18328585,96.10636277,0.993020937,0.991803279,0.968,0.979757085,0.999601196
1031205,1,99.72166998,98.70775348,0.99740052,1,0.965517241,0.98245614,1
1031818,1,96.91085613,84.99558694,0.965853659,0.865384615,1,0.927835052,0.983609756
1031917,1,99.88940092,99.53917051,0.998807394,1,1,1,1
1032123,1,99.05292479,95.26462396,0.997241923,1,0.8802589,0.936316695,1
1032315,1,99.12380952,95.71428571,0.99298316,0.943609023,0.958015267,0.950757576,0.996992783
1032760,1,99.80237154,99.01185771,0.998002397,0.981818182,1,0.990825688,0.99980024
1033257,1,98.59981079,93.28287606,0.987676406,0.97188755,0.952755906,0.96222664,0.998608627
1033267,1,99.98029557,99.90147783,0.999800319,1,1,1,1
1033481,1,97.79109589,89.38356164,0.974907606,0.952316076,1,0.975575715,0.993191986
1033745,1,99.82071713,99.10358566,0.998202157,0.823529412,1,0.903225806,0.999400719
1033755,1,97.38812785,87.94520548,0.97542608,0.962441315,0.955710956,0.959064327,0.996829172
1034151,1,95.53982301,80.26548673,0.949710637,0.83203125,1,0.908315565,0.974256635
1034252,1,98.7607245,94.28026692,0.9882306,0.969957082,0.974137931,0.972043011,0.998603631
1034292,1,99.30139721,96.70658683,0.992942125,0.927272727,1,0.962264151,0.999193386
1034435,1,96.27065303,82.061369,0.994417709,0.991666667,0.820689655,0.898113208,0.998460058
1034674,1,97.86231884,89.49275362,0.986793552,0.972727273,0.865229111,0.915834522,0.998252088
1034722,1,99.39096267,97.15127701,0.995990377,0.978494624,0.892156863,0.933333333,0.999599038
1034783,1,99.76377953,98.81889764,0.998002397,1,0.972972973,0.98630137,1
1034825,1,98.06678383,90.59753954,0.978752173,0.927667269,1,0.962476548,0.992273517
1034877,1,99.02298851,95.11494253,0.997589393,0.995098039,0.838842975,0.910313901,0.999799116
1034878,1,99.70267592,98.51337958,0.997,0.957446809,1,0.97826087,0.9996
1034931,1,99.62264151,98.11320755,0.996203796,0.810810811,1,0.895522388,0.998601399
1034939,1,95.59748428,80.32345013,0.956391278,0.950617284,0.95229682,0.951456311,0.99439888
1035193,1,97.68579492,89.84007526,0.977183157,0.935797665,0.973684211,0.954365079,0.993154947
1035329,1,98.46452867,92.61418853,0.984531941,0.926966292,0.988023952,0.956521739,0.997388509
1035432,1,97.12190651,87.07607699,0.972445696,0.974736842,0.958592133,0.966597077,0.997586484
1036280,1,99.94029851,99.70149254,0.99939964,1,1,1,1
1036360,1,99.3669634,96.83481701,0.993567839,0.8,1,0.888888889,0.995979899
1036445,1,96.35123615,86.01875533,0.958887298,0.971745711,0.986680328,0.979156075,0.994272857
1036928,1,99.75881262,98.88682746,0.997396876,0.992481203,1,0.996226415,0.999399279
1036981,1,99.47419669,97.37098345,0.996822244,0.988888889,0.89,0.936842105,0.99980139
1037065,1,99.75047985,98.75239923,0.997396876,0.968609865,1,0.98405467,0.998598318
1037207,1,99.70414201,98.52071006,0.996988557,0.927083333,1,0.962162162,0.99859466
1037297,1,99.32806324,96.64031621,0.993597439,0.967741935,0.967741935,0.967741935,0.99959984
1037667,1,100,100,1,1,1,1,1
1037830,1,94.47412354,75.4590985,0.932490312,0.843944099,1,0.915368421,0.959004691
1039322,1,98.62464183,93.12320917,0.985515993,0.859934853,1,0.92469352,0.991349829
1039413,1,99.60930233,98.04651163,0.99580922,0.994535519,1,0.997260274,0.999600878
1039549,1,97.04604692,86.79409209,0.96848953,0.968160377,0.982057416,0.975059382,0.994511079
1039927,1,99.44294699,97.21473495,0.993770096,0.975165563,1,0.987426655,0.996985531
1040389,1,98.75,94.02985075,0.988995598,0.951086957,0.966850829,0.95890411,0.996398559
1040472,1,95.68822554,80.7628524,0.956074955,0.945571956,0.960637301,0.953045095,0.988112029
1040870,1,99.47976879,97.39884393,0.994788535,0.99009901,0.995024876,0.992555831,0.999599118
1041685,1,99.81006648,99.43019943,0.9979996,0.977941176,1,0.988847584,0.99879976
1042013,1,99.46102021,97.30510106,0.995615783,0.966101695,0.966101695,0.966101695,0.998804305
1042103,1,96.8115942,86.63446055,0.961269056,0.954609929,0.992625369,0.973246565,0.986814998
1042176,1,97.78801843,89.21658986,0.975644408,0.884547069,1,0.938737041,0.986807388
1042195,1,99.70530452,98.52652259,0.998404786,0.985507246,0.906666667,0.944444444,0.999800598
1043046,1,97.5596817,88.77099912,0.972738048,0.925117005,1,0.961102107,0.990517582
1043123,1,99.70617042,98.53085211,0.997196075,0.956896552,0.991071429,0.973684211,0.998998598
1043560,1,98.87197851,94.5389436,0.991495253,0.994140625,0.962192817,0.97790586,0.999406646
298024,1,99.24752475,96.23762376,0.9924,0.714285714,1,0.833333333,0.996
300366,1,99.98093422,99.90467112,0.9998,1,1,1,1
302267,1,93.00687285,72.76632302,0.922257721,0.895041322,0.962666667,0.927623126,0.972949947
303017,1,98.32075472,91.60377358,0.981736097,0.873210634,1,0.93231441,0.987276832
304803,1,99.29549902,96.57534247,0.99359872,0.946902655,0.963963964,0.955357143,0.99879976
307058,1,94.49908925,76.2295082,0.943290735,0.937373737,0.962655602,0.949846469,0.993809904
308129,1,95.55378486,79.28286853,0.965652601,0.97996357,0.911864407,0.944688323,0.995682041
308904,1,98.02643172,90.39647577,0.985173625,0.988439306,0.93442623,0.960674157,0.998829497
309286,1,99.68503937,98.42519685,0.996996997,0.976744186,0.988235294,0.98245614,0.9995996
310286,1,99.43081452,97.15407262,0.996203038,0.964285714,0.89010989,0.925714286,0.99940048
311937,1,99.07425265,95.56412729,0.991623454,0.9375,0.964912281,0.951008646,0.997806143
311939,1,97.55781684,88.71415356,0.975315956,0.943502825,0.979472141,0.961151079,0.996050553
312035,1,98.27648115,91.74147217,0.990573449,0.99537037,0.89958159,0.945054945,0.999607227
312251,1,95.68660489,81.38163437,0.950493135,0.895662368,1,0.944959802,0.982788629
312264,1,90.29823494,58.00365186,0.821979004,0.885991941,1,0.939550082,0.892561983
312335,1,96.40933573,83.12387792,0.968699839,0.917089679,0.924914676,0.920985556,0.990168539
312382,1,99.72762646,98.83268482,0.99740104,1,0.992753623,0.996363636,1
312415,1,97.01413428,86.21908127,0.974719674,0.955585464,0.940397351,0.947930574,0.993272171
312422,1,99.96062992,99.80314961,0.99960016,1,1,1,1
312479,1,98.59344894,93.44894027,0.986285033,0.987261146,0.974842767,0.981012658,0.999602465
312482,1,98.98832685,95.03891051,0.990172483,0.920731707,0.980519481,0.949685535,0.9973927
312526,1,95.78747628,80.17077799,0.957957342,0.926289926,0.956852792,0.941323346,0.993847416
312791,1,98.96585366,95.12195122,0.98996387,0.933333333,0.979020979,0.955631399,0.997992774
312840,1,98.95138227,94.75691134,0.989048188,0.94893617,1,0.973799127,0.997610514
313186,1,99.52286282,97.61431412,0.995193271,0.902439024,1,0.948717949,0.999198878
313321,1,99.13894325,95.7925636,0.993221035,0.946721311,0.954545455,0.950617284,0.997329499
314774,1,97.22426471,86.76470588,0.969721275,0.904191617,1,0.949685535,0.990374975
316054,1,99.10233393,96.0502693,0.991083543,0.978365385,0.99026764,0.984280532,0.998255476
316390,1,94.93934142,76.6897747,0.942109437,0.883211679,1,0.937984496,0.980967486
316858,1,93.09150866,69.90931575,0.93464467,0.933789954,0.917726253,0.925688419,0.981598985
316992,1,90.97696585,60.12708499,0.877901978,0.858860429,1,0.924071991,0.941960447
317930,1,97.98058252,90,0.979057592,0.844036697,1,0.915422886,0.993153443
318962,1,100,100,1,1,1,1,1
319153,1,99.30367505,96.71179884,0.993407911,1,0.981707317,0.990769231,1
320231,1,98.11918063,90.78212291,0.979775731,0.906024096,1,0.950695322,0.992190629
320867,1,93.12246553,70.2351987,0.913821138,0.889921372,1,0.941754917,0.968699187
321888,1,98.90838207,94.93177388,0.988788789,0.98540146,1,0.992647059,0.9995996
323054,1,90.3026038,60.38001407,0.862994631,0.904575163,1,0.949897049,0.956452575
331512,1,95.27240773,78.64674868,0.953815659,0.944186047,0.944186047,0.944186047,0.992864222
333782,1,98.55940131,92.89055192,0.987490227,0.939130435,0.943231441,0.941176471,0.997263487
362017,1,97.71317829,88.95348837,0.979058636,0.880794702,0.910958904,0.895622896,0.996410052
574291,1,97.83197832,89.97289973,0.976498237,0.922580645,1,0.959731544,0.992949471
574371,1,98.28627069,91.52872444,0.983980777,0.923611111,0.943262411,0.933333333,0.997797357
575097,1,97.97235023,90.13824885,0.981340289,0.931868132,0.961451247,0.946428571,0.993780096
575102,1,99.94140625,99.70703125,0.99940239,1,1,1,1
575116,1,97.57925072,88.95292988,0.974683544,0.860377358,1,0.92494929,0.992565803
575124,1,97.92507205,90.97022094,0.979804039,0.96097561,0.965686275,0.963325183,0.99840032
580586,1,98.31683168,91.78217822,0.983019259,0.801470588,0.986425339,0.884381339,0.988817561
580706,1,98.7826087,94.00966184,0.989050368,0.979591837,0.947368421,0.963210702,0.999402747
580846,1,99.29411765,96.66666667,0.992834395,0.926829268,1,0.962025316,0.998805732
581617,1,98.28254848,91.68975069,0.984824281,0.972568579,0.958230958,0.965346535,0.997803514
582240,1,99.36962751,97.13467049,0.994380895,0.972440945,0.98015873,0.976284585,0.998595224
582283,1,99.22928709,96.24277457,0.993460166,0.850931677,0.951388889,0.898360656,0.995243757
582948,1,98.6770428,94.35797665,0.987542696,0.969135802,0.963190184,0.966153846,0.998995379
583853,1,98.6447241,93.32042594,0.986030732,0.905882353,1,0.950617284,0.996807025
584493,1,97.45233969,87.78162912,0.979599767,0.949346405,0.93258427,0.940890688,0.993977074
584518,1,99.88593156,99.42965779,0.999004975,1,0.995744681,0.997867804,1
584546,1,99.11069063,95.55345317,0.996370968,1,0.910769231,0.953301127,1
585218,1,99.14018692,95.88785047,0.991330645,0.962686567,0.992307692,0.977272727,0.996975806
585579,1,97.1957672,86.86067019,0.974358974,0.94386423,0.956349206,0.950065703,0.991249491
586069,1,97.93103448,90.36251105,0.97713504,0.955595027,1,0.97729337,0.995114325
587075,1,92.76083467,66.69341894,0.906702524,0.828978622,1,0.906493506,0.940422011
589899,1,97.24651163,88,0.973509934,0.964102564,0.959183673,0.961636829,0.997190448
597892,1,97.56906077,90.23941068,0.973516732,0.936026936,0.994633274,0.96444059,0.992198727
598421,1,99.13470993,95.67354966,0.991420591,0.818181818,0.98630137,0.894409938,0.996807662
600051,1,98.0945122,91.31097561,0.981962762,0.996368918,0.977207977,0.986695433,0.999030256
600056,1,99.70873786,98.6407767,0.99702381,0.982142857,1,0.990990991,0.999603175
602803,1,99.48529412,97.97794118,0.994509963,0.996175908,0.998084291,0.997129187,0.999593331
603657,1,99.98019802,99.9009901,0.999796583,1,1,1,1
603719,1,99.82017982,99.1008991,0.998198559,0.642857143,1,0.782608696,0.998999199
603771,1,99.22201139,96.86907021,0.992992993,0.947183099,0.978181818,0.962432916,0.996996997
603843,1,98.90977444,94.64285714,0.98920216,0.963302752,0.987460815,0.975232198,0.99760048
604469,1,97.53317721,88.44652615,0.972442363,0.959276018,0.994138335,0.976396085,0.99351585
604470,1,97.37185461,87.51164958,0.980449251,0.965909091,0.91561939,0.940092166,0.99625624
604655,1,96.23529412,81.53846154,0.967914439,0.86056338,0.921568627,0.89002185,0.979638009
604852,1,99.20233463,96.10894942,0.992835821,0.982142857,0.956521739,0.969162996,0.99960199
611311,1,99.50594694,97.62122598,0.994602159,0.985106383,1,0.99249732,0.99860056
611327,1,99.60707269,98.03536346,0.996225665,1,0.982142857,0.990990991,1
611386,1,99.38856016,96.94280079,0.9939988,0.985915493,0.985915493,0.985915493,0.99979996
613097,1,95.26956522,79.47826087,0.959871589,0.925333333,0.906005222,0.915567282,0.988764045
613216,1,96.90115761,87.17720392,0.967885276,0.951612903,0.977409639,0.964338782,0.99333468
618014,1,99.6692607,98.3463035,0.996801279,0.985611511,0.992753623,0.989169675,0.99960016
625478,1,97.86948177,89.44337812,0.980637354,0.901140684,0.94047619,0.92038835,0.99475595
626025,1,98.13207547,91.60377358,0.982970297,0.951807229,0.948,0.9498998,0.997623762
628759,1,97.97101449,90.62801932,0.981117074,0.957142857,0.930555556,0.943661972,0.998807394
637887,1,100,100,1,0,0,0,0
638428,1,98.25679475,91.47141518,0.985963505,0.978915663,0.933908046,0.955882353,0.998596351
638985,1,98.95412844,94.95412844,0.990836653,0.985882353,0.974418605,0.980116959,0.998804781
644256,1,99.74854932,98.83945841,0.997395833,1,1,1,1
644298,1,98.41620626,92.08103131,0.988877855,0.950520833,0.924050633,0.937098845,0.996226415
646024,1,99.32420091,96.71232877,0.994059406,0.995238095,0.983529412,0.989349112,0.99960396
648948,1,99.08571429,95.71428571,0.991588224,0.961685824,0.976653696,0.969111969,0.997997196
649330,1,99.8626104,99.31305201,0.999401556,1,0.951219512,0.975,1
650229,1,96.16534741,81.79419525,0.955162485,0.88304721,1,0.937891738,0.977581242
653346,1,99.76023976,98.8011988,0.997573306,0.909090909,1,0.952380952,0.998786653
653349,1,99.61501444,98.07507218,0.997013737,1,0.970930233,0.985250737,1
653856,0,100,100,1,0,0,0,0
653857,1,98.83008357,94.61467038,0.989777511,1,0.96969697,0.984615385,1
653902,1,98.30279653,91.80327869,0.983403319,0.92746114,0.972826087,0.949602122,0.99720056
654466,1,97.90871369,90.04149378,0.978636628,0.947136564,0.98173516,0.964125561,0.990677802
657380,1,99.13533835,95.77067669,0.990675046,0.941605839,1,0.969924812,0.995134806
657402,1,99.71455756,98.6679353,0.997593261,1,0.988847584,0.994392523,1
657601,1,98.42565598,92.5170068,0.986208275,0.828025478,0.915492958,0.869565217,0.994603238
657983,1,96.7753304,84.75770925,0.971777422,0.866666667,0.93814433,0.900990099,0.980384307
661709,1,99.06158358,95.30791789,0.992392392,0.948275862,0.916666667,0.93220339,0.998798799
661733,1,99.03353057,95.46351085,0.990746329,0.932038835,0.96969697,0.95049505,0.998591833
665896,1,99.35422602,96.7711301,0.993187738,0.971631206,1,0.985611511,0.998397115
666068,1,98.70229008,93.79770992,0.987595038,0.967213115,0.975206612,0.971193416,0.99839936
670148,1,99.55669224,97.95396419,0.995851442,0.998748436,0.99377335,0.996254682,0.99980245
670155,1,99.6011396,98.00569801,0.996198479,0.977859779,0.992509363,0.985130112,0.99879952
673525,1,99.35230618,96.76153091,0.994765452,0.991803279,0.9453125,0.968,0.999798671
674209,1,99.65116279,98.35271318,0.99678392,1,0.989189189,0.994565217,1
674300,1,99.54627949,97.82214156,0.995810892,1,0.99195171,0.995959596,1
678190,1,98.71260199,95.82955576,0.986119493,0.989051095,0.996323529,0.992673993,0.998792999
678194,1,97.89772727,90.43560606,0.982885086,0.988538682,0.927419355,0.957004161,0.999185004
680549,1,99.77507029,99.15651359,0.99780044,1,0.997005988,0.99850075,1
684570,1,99.29889299,96.67896679,0.992298338,0.95481336,1,0.976884422,0.995338468
685139,1,98.73723305,93.77901578,0.987405038,0.976744186,0.98694517,0.981818182,0.99820072
685462,1,99.94146341,99.80487805,0.9994,0.984251969,1,0.992063492,0.9996
687821,1,97.54985755,88.41405508,0.9742,0.868852459,1,0.929824561,0.992
690196,1,97.78591034,89.93595608,0.983803239,0.988344988,0.913793103,0.949608063,0.9990002
690311,1,99.15303176,95.76515881,0.9912,0.898617512,1,0.946601942,0.9956
691234,1,95.75510204,80.73469388,0.955702546,0.947322971,0.965669014,0.956408021,0.987773101
691685,1,95.5755102,79.42857143,0.948566941,0.900440529,0.991270611,0.943674977,0.97781704
693427,1,97.8099839,90.25764895,0.975963449,0.976450799,0.987244898,0.981818182,0.994437823
695193,1,99.90291262,99.51456311,0.9990006,0.993243243,1,0.996610169,0.99980012
695546,1,99.02564103,95.55555556,0.989477944,0.992307692,0.994493392,0.99339934,0.998583569
695711,1,94.47118891,77.53464624,0.94067086,0.967412451,0.953956835,0.960637527,0.985953878
695743,1,99.296875,96.58203125,0.993785084,0.954887218,0.962121212,0.958490566,0.998797113
695763,1,99.98013903,99.90069513,0.9998,1,1,1,1
700018,1,99.6635514,98.59813084,0.996616915,1,0.996923077,0.998459168,1
700359,1,98.54351687,93.07282416,0.986759014,0.985994398,0.976421637,0.981184669,0.997962925
700409,1,96.09548167,82.86445013,0.959654757,0.9375,0.968289921,0.95264624,0.988558812
701567,1,99.3840231,97.20885467,0.995032784,0.974842767,0.956790123,0.965732087,0.999205245
702163,1,99.49855352,97.4927676,0.998015085,0.984962406,0.891156463,0.935714286,0.999603017
704236,1,99.00952381,95.61904762,0.99108951,0.971246006,0.974358974,0.9728,0.9981774
707120,1,99.30769231,96.63461538,0.992980345,0.98156682,0.995327103,0.988399072,0.999197754
707131,1,98.88198758,94.76486247,0.987654321,0.979742173,1,0.989767442,0.997844405
712785,1,97.29390681,90.05376344,0.981261711,0.913265306,0.921492921,0.917360666,0.985842182
712853,1,99.53398058,97.66990291,0.995789052,0.975609756,0.981595092,0.978593272,0.999197915
716261,1,99.22794118,96.32352941,0.992116673,0.975871314,0.994535519,0.98511502,0.998226251
717931,1,97.4953271,88.03738318,0.980582524,0.917525773,0.881188119,0.898989899,0.9952447
718466,1,98.69036483,93.5453695,0.990420332,0.900862069,0.908695652,0.904761905,0.995503421
718542,1,96.98965193,84.94825964,0.967306906,0.857433809,1,0.923245614,0.985696772
718587,1,99.34975369,96.84729064,0.994590262,0.962962963,0.928571429,0.945454545,0.999398918
721530,1,97.94428434,89.91354467,0.982139274,0.910714286,0.918918919,0.914798206,0.995986354
721839,1,97.50943396,88.67924528,0.975555556,0.904,0.968571429,0.935172414,0.992727273
726015,1,99.04761905,95.23809524,0.991393114,0.953333333,0.959731544,0.956521739,0.998598879
726457,1,98.55575868,92.8702011,0.990405326,0.962427746,0.917355372,0.939351199,0.997454474
726596,1,99.17647059,96.2745098,0.99217339,0.957983193,0.974358974,0.966101695,0.998996588
726827,1,99.3006993,96.5034965,0.992547835,0.98687664,0.99602649,0.991430455,0.997985901
729125,1,98.40776699,92.81553398,0.984278607,0.938461538,0.976,0.956862745,0.99840796
731121,1,99.48717949,97.63313609,0.995998399,0.970588235,0.916666667,0.942857143,0.99959984
732092,1,97.98334875,91.21184089,0.979737783,0.957894737,0.981132075,0.969374168,0.996821613
736823,1,97.39607843,88.70588235,0.976071015,0.978741497,0.964794635,0.971718024,0.995175608
738094,1,99.11067194,95.84980237,0.991785213,0.955882353,0.942028986,0.948905109,0.999398918
739516,0,100,100,1,0,0,0,0
739670,1,99.61722488,98.0861244,0.996596597,0.991266376,0.986956522,0.989106754,0.9995996
739677,1,99.02439024,95.2195122,0.989787582,0.864150943,1,0.927125506,0.992647059
739678,1,95.36073059,78.35616438,0.95754717,0.856980704,0.930949445,0.892434988,0.972984563
741327,1,97.12454212,86.44688645,0.975506073,0.9453125,0.930769231,0.937984496,0.994331984
741693,1,98.15962441,91.64319249,0.982827476,0.983870968,0.96214511,0.972886762,0.999001597
744619,1,96.15955473,83.48794063,0.961492178,0.965260546,0.962871287,0.964064436,0.997192138
745941,1,99.34740883,96.92898273,0.993570424,0.995689655,0.991416309,0.993548387,0.999799076
746262,1,97.7594123,89.43985308,0.980439122,0.940503432,0.944827586,0.94266055,0.994810379
746321,1,99.76331361,98.81656805,0.997596635,0.974683544,1,0.987179487,0.999599439
746367,1,92.01486989,63.94052045,0.89186468,0.890182186,1,0.941900937,0.956302859
750052,1,98.51439183,92.94336119,0.984338293,0.955172414,1,0.97707231,0.997454973
751685,1,99.46494465,97.50922509,0.99418138,0.981981982,1,0.990909091,0.998394864
751692,1,98.05899144,90.96098953,0.980714576,0.877384196,0.978723404,0.925287356,0.990864799
751964,1,98.21532493,91.56159069,0.983747994,0.893854749,0.935672515,0.914285714,0.996187801
752457,1,92.62606418,65.42239686,0.894549541,0.889233153,1,0.941369414,0.946431916
753353,1,98.3253128,91.626564,0.984542212,0.782122905,0.939597315,0.853658537,0.992271106
754321,1,93.12638581,67.92313378,0.909197422,0.901315789,1,0.948096886,0.964850615
755059,1,95.89648799,80.96118299,0.959499702,0.944148936,0.951742627,0.947930574,0.995830852
757883,1,98.96645512,95.01359927,0.98931667,0.971731449,0.992779783,0.982142857,0.996774844
757940,1,97.59312321,87.96561605,0.973810019,0.837944664,1,0.911827957,0.982955726
767998,1,98.1292189,91.51398264,0.981219709,0.93852459,0.982832618,0.960167715,0.996970921
768973,1,98.5285576,93.32042594,0.985991595,0.931034483,0.964285714,0.947368421,0.997598559
769904,1,99.39805825,96.99029126,0.99377385,0.881443299,1,0.936986301,0.995380599
771400,1,99.2972973,96.84684685,0.992425752,0.998123827,0.998123827,0.998123827,0.999800678
771980,1,97.56925827,87.93565684,0.972491909,0.866844208,1,0.928673324,0.979773463
773891,1,96.08424337,83.07332293,0.962208733,0.954754601,0.955487337,0.955120829,0.988447229
773920,1,93.09923664,69.00763359,0.913625072,0.869306931,1,0.930084746,0.962163195
775374,1,99.76424361,98.82121807,0.997595672,0.961165049,1,0.98019802,0.999198557
775698,1,99.30966469,96.84418146,0.993987976,0.925925926,0.9375,0.931677019,0.998797595
776895,1,98.19960861,90.99804305,0.982962518,0.926829268,0.94214876,0.93442623,0.998196031
777146,1,93.57249626,70.40358744,0.917244034,0.892473118,1,0.943181818,0.965357968
777210,1,98.03773585,92.26415094,0.979317269,0.963746224,0.996875,0.980030722,0.997590361
777213,1,93.5125448,70.16129032,0.926452662,0.849032258,1,0.918353105,0.976229175
777836,1,96.74418605,84.8436247,0.960351563,0.937762826,1,0.967881944,0.985546875
778335,1,96.26431718,83.25991189,0.957308097,0.939175258,0.990217391,0.964021164,0.987592008
779952,1,96.42184557,83.42749529,0.965365365,0.940063091,0.946031746,0.943037975,0.996196196
781304,1,91.69281585,61.84971098,0.900159426,0.882352941,0.99807136,0.936651584,0.972499004
781307,1,98.80597015,94.20544337,0.986361813,0.949129853,1,0.973901099,0.99237866
782049,1,99.20465567,96.12027158,0.99346664,0.979591837,0.923076923,0.95049505,0.999604039
782057,1,95.62956946,78.87896019,0.968895801,0.924180328,0.892185955,0.907901359,0.985614308
784243,1,99.86097319,99.30486594,0.998605578,0.9375,1,0.967741935,0.999800797
784592,1,98.59022556,93.70300752,0.985889942,0.969863014,0.986072423,0.977900552,0.997782705
784791,1,95.52165955,80.59792556,0.934464286,0.960399704,1,0.979799887,0.980892857
784811,1,94.50490633,75.55753791,0.946063851,0.93594306,0.93594306,0.93594306,0.992861392
785737,1,95.74119574,80.0982801,0.959786054,0.937207123,0.946073794,0.941619586,0.986727417
788186,1,95.94746717,83.9587242,0.958994975,0.960784314,0.966197183,0.963483146,0.99718593
788219,1,98.82466281,94.12331407,0.989143308,0.907692308,0.951612903,0.929133858,0.997631267
788252,1,99.9807877,99.90393852,0.9998,1,1,1,1
788445,1,97.69593957,88.95184136,0.977313792,0.935582822,0.97133758,0.953125,0.995783979
789943,1,99.78087649,98.90438247,0.99840032,0.888888889,0.842105263,0.864864865,0.99960008
790192,1,99.15207373,96.12903226,0.994202319,0.995098039,0.959810875,0.977135981,0.99960016
790760,1,98.39373164,92.16454456,0.984960898,0.956896552,0.940677966,0.948717949,0.998997393
790791,1,91.77877429,67.11509716,0.899386503,0.923647932,0.967777778,0.945198047,0.970552147
790851,1,98.35111542,92.82250242,0.984649123,0.963235294,0.942446043,0.952727273,0.99900319
791466,1,97.69961977,90.11406844,0.977921266,0.829906542,0.967320261,0.893360161,0.981045615
791497,1,96.25,83.35843373,0.959379906,0.984272608,0.972797927,0.978501629,0.995290424
791530,1,97.8343949,89.8089172,0.988057325,0.983293556,0.874734607,0.925842697,0.998606688
793684,1,97.09981168,86.06403013,0.96883222,0.850230415,1,0.919053549,0.986844768
793783,1,91.9939577,66.6918429,0.914088026,0.908719346,0.941425547,0.924783362,0.974245628
795052,1,100,100,1,1,1,1,1
795176,1,97.01323251,85.53875236,0.968067906,0.838235294,1,0.912,0.986661277
796375,1,96.5034965,83.56643357,0.975131419,0.972105997,0.900516796,0.934942991,0.995956328
796462,1,96.50678733,83.6199095,0.962041604,0.896186441,0.981438515,0.936877076,0.978983487
797822,1,94.84922575,75.63162184,0.932536294,0.902363184,1,0.948676038,0.96648164
797849,1,91.98075381,69.12590217,0.909464176,0.938173976,0.956744868,0.947368421,0.982344488
798152,1,97.96905222,91.00580271,0.979983825,0.923728814,0.973214286,0.947826087,0.996360696
798411,1,97.32075472,86.60377358,0.971701873,0.862385321,1,0.926108374,0.991032284
798573,1,95.66395664,84.37217706,0.953778135,0.95979021,0.982110912,0.970822281,0.995377814
799247,1,96.71848014,85.06044905,0.971667997,0.955497382,0.938303342,0.946822309,0.993216281
799663,1,98.54510184,93.21047527,0.985760781,0.962962963,0.979079498,0.970954357,0.998169243
799732,1,95.05288853,77.62408462,0.953064391,0.968652038,0.937310415,0.952723535,0.994181536
800383,1,99.76385104,98.81925522,0.99741139,0.995876289,1,0.997933884,0.999601752
800391,1,95.99013969,81.75842235,0.95480456,0.936533767,0.981244672,0.958368027,0.984120521
800394,1,99.98029557,99.90147783,0.99980024,1,1,1,1
800416,1,99.17050691,95.85253456,0.991221225,0.937304075,1,0.96763754,0.996098322
801479,1,96.51031895,85.55347092,0.964285714,0.928571429,0.976878613,0.952112676,0.994783307
801813,1,98.04453049,90.51306873,0.980715147,0.93814433,0.973262032,0.955380577,0.997589393
802516,1,99.44055944,97.51359751,0.99461642,0.998371336,0.993517018,0.995938262,0.999615459
802526,1,99.56262425,97.81312127,0.995596477,0.971428571,1,0.985507246,0.99979984
803101,1,98.75525652,93.86038688,0.985672798,0.97135741,1,0.985470625,0.995546951
803352,1,99.23529412,96.37254902,0.995411014,0.98630137,0.818181818,0.894409938,0.999800479
803879,1,92.92834891,66.90031153,0.906507414,0.869855395,1,0.930398572,0.951812191
804422,1,99.16504854,95.9223301,0.991550996,0.956989247,0.994413408,0.975342466,0.998390666
805662,1,97.74750227,89.64577657,0.979499795,0.969453376,0.961722488,0.965572458,0.996104961
805663,1,98.19029851,92.07089552,0.98385795,0.9675,0.957920792,0.962686567,0.997376917
805749,1,99.90319458,99.51597289,0.999001597,1,1,1,1
805750,1,98.98370086,95.01438159,0.98933387,0.935361217,1,0.966601179,0.996578788
805788,1,98.16666667,90.83333333,0.981989194,0.96097561,0.977667494,0.969249692,0.996798079
805789,1,98.38678328,92.41982507,0.984466411,0.973262032,0.968085106,0.970666667,0.998991325
806622,1,98.86471145,95.36423841,0.989300575,0.983050847,0.974789916,0.978902954,0.99920745
806666,1,98.73046875,93.9453125,0.986921529,0.974025974,1,0.986842105,0.999195171
806670,1,99.86111111,99.30555556,0.998596069,0.931034483,1,0.964285714,0.999197754
806901,1,98.91531874,94.6717412,0.988620483,0.92481203,1,0.9609375,0.996007187
806918,1,97.08898944,86.2745098,0.963992537,0.939349112,1,0.968726163,0.984701493
807109,1,98.97584541,94.87922705,0.99219844,0.920454545,0.920454545,0.920454545,0.99719944
807140,1,99.74206349,98.71031746,0.997568389,1,0.99047619,0.995215311,1
807142,1,99.29549902,96.47749511,0.992714026,0.884816754,1,0.938888889,0.99554746
807158,1,100,100,1,1,1,1,1
807160,1,99.96055227,99.80276134,0.9996,1,1,1,1
807184,1,98.51376147,92.56880734,0.991985927,0.98,0.880239521,0.927444795,0.998827209
807186,1,99.75024015,98.75120077,0.998602794,0.994736842,0.969230769,0.981818182,0.999800399
807205,1,99.74129353,98.70646766,0.99739479,0.777777778,1,0.875,0.997995992
807209,1,99.01923077,95.09615385,0.991674926,0.954248366,0.941935484,0.948051948,0.998612488
807222,1,99.58083832,97.90419162,0.995794954,0.888888889,1,0.941176471,0.999599519
807232,1,99.74103586,98.70517928,0.99740052,1,1,1,1
807274,1,98.48007414,92.77108434,0.983684839,0.955958549,1,0.977483444,0.996617589
807290,1,97.90849673,90.38281979,0.982030016,0.957446809,0.927835052,0.942408377,0.997630332
807335,1,99.65811966,98.29059829,0.996811479,0.995934959,0.991902834,0.993914807,0.999800717
807382,1,98.70609982,93.71534196,0.987968719,0.940774487,0.976359338,0.958236659,0.994786445
807403,1,99.82160555,99.10802775,0.998403194,1,0.971428571,0.985507246,1
807409,1,99.19291339,96.25984252,0.993790064,0.906976744,0.886363636,0.896551724,0.998397436
807461,1,99.53488372,97.6744186,0.995584989,0.979848866,0.992346939,0.986058302,0.998394541
807487,1,97.64804003,89.40783987,0.97809653,0.950588235,0.966507177,0.958481613,0.991858887
807494,1,99.06932574,95.63152896,0.992817239,0.991735537,0.948616601,0.96969697,0.999600958
807509,1,98.32692308,92.59615385,0.984390634,0.974874372,0.955665025,0.965174129,0.9989994
807540,1,100,100,1,1,1,1,1
807541,1,99.90574929,99.52874647,0.9989998,0.996742671,1,0.998368679,0.99979996
807543,1,98.87298748,94.6332737,0.987226277,0.953623188,1,0.976261128,0.99351176
807592,1,97.7839851,89.66480447,0.976393573,0.926760563,1,0.961988304,0.994842293
807597,1,99.82071713,99.10358566,0.998198198,0.757575758,1,0.862068966,0.998398398
807624,1,98.30188679,92.19554031,0.981504065,0.970936491,0.991208791,0.980967917,0.994512195
807669,1,99.86166008,99.3083004,0.99859944,0.96875,1,0.984126984,0.99959984
807711,1,96.77828054,85.0678733,0.969532973,0.920577617,0.951492537,0.935779817,0.991180597
807737,1,96.9982238,85.87921847,0.97115572,0.946534653,0.957915832,0.952191235,0.994737868
807754,1,99.84126984,99.20634921,0.998386446,0.953488372,1,0.976190476,0.999193223
807789,1,99.33712121,97.06439394,0.993915604,0.978378378,0.978378378,0.978378378,0.999214917
807813,1,98.85159011,94.25795053,0.99669132,0.995798319,0.908045977,0.9498998,0.999610743
807850,1,99.90079365,99.50396825,0.998996588,0.982758621,1,0.991304348,0.999799318
807935,1,99.9410609,99.70530452,0.999405352,1,1,1,1
807942,0,99.98,99.9,0.9998,0,0,0,0
808019,1,99.17322835,96.06299213,0.9918897,0.941935484,0.986486486,0.96369637,0.998175182
808050,1,99.23228346,96.35826772,0.9930014,0.986842105,0.949367089,0.967741935,0.99980004
808063,1,98.59047619,93.61904762,0.985276562,0.933333333,1,0.965517241,0.996816554
808081,1,97.14285714,85.99810785,0.969611592,0.816537468,1,0.899004267,0.985711411
808094,1,99.70961887,98.54809437,0.996809571,0.997983871,1,0.998990918,0.999800598
808112,1,98.69209809,93.64214351,0.988239984,0.973360656,0.973360656,0.973360656,0.99740881
808115,1,99.80638916,99.03194579,0.9979996,1,1,1,1
808156,1,99.37131631,96.85658153,0.993611499,1,1,1,1
808181,1,99.90834097,99.54170486,0.999201597,1,0.997752809,0.998875141,1
808344,1,97.25,87.5,0.970322839,0.954022989,0.983218164,0.968400583,0.990374975
808362,1,98.70967742,94.0227704,0.988875646,0.978165939,0.949152542,0.96344086,0.999006754
808378,1,98.75486381,94.16342412,0.987135678,0.868421053,1,0.929577465,0.994974874
808412,1,97.24444444,88.08888889,0.975457654,0.933834586,0.949541284,0.941622441,0.991148662
808458,1,99.80334317,99.11504425,0.998184752,1,0.992125984,0.996047431,1
808483,1,98.48197343,92.50474383,0.986594638,0.96641791,0.952205882,0.959259259,0.99819928
808512,1,98.40537944,92.12295869,0.983194979,0.775510204,1,0.873563218,0.9844098
808540,1,96.98604651,85.39534884,0.967580548,0.823529412,1,0.903225806,0.983790274
808561,1,99.32739862,96.83481701,0.993615323,0.953488372,0.953488372,0.953488372,0.999600958
808569,1,98.6407767,93.30097087,0.987078538,0.959798995,0.969543147,0.964646465,0.998384817
808572,1,97.68946396,89.46395564,0.977259006,0.95545657,0.972789116,0.964044944,0.995975045
808603,1,97.37240076,87.42911153,0.974660814,0.963768116,0.956834532,0.960288809,0.998004789
808640,1,96.44808743,82.69581056,0.966910272,0.897133221,0.943262411,0.919619706,0.987616728
808642,1,99.6,98,0.995988769,0.736842105,1,0.848484848,0.998997192
808697,1,96.34710744,83.14049587,0.96828143,0.941736029,0.933962264,0.937833037,0.990580546
808700,1,99.56888472,98.03186504,0.996045868,0.985611511,0.989169675,0.987387387,0.999209174
808708,1,98.71493213,93.57466063,0.985737244,0.968141593,1,0.98381295,0.99638409
808765,1,99.96015936,99.80079681,0.99960024,1,1,1,1
808766,1,99.82507289,99.31972789,0.9986,0.993055556,0.986206897,0.989619377,0.9998
808776,1,95.59292035,80.3539823,0.948765432,0.881696429,1,0.9371293,0.9781893
808808,1,96.72790901,86.17672791,0.968151622,0.956594324,0.959798995,0.95819398,0.994919891
808815,1,99.59252971,98.38709677,0.995539178,0.997278912,0.998637602,0.997957794,0.999612102
808829,1,98.79377432,94.06614786,0.988235294,0.891774892,0.980952381,0.934240363,0.994929006
808854,1,99.78367748,98.91838741,0.99779912,0.97752809,1,0.988636364,0.99959984
808895,1,97.1257485,86.82634731,0.977562159,0.987089202,0.936525612,0.961142857,0.99777643
809005,1,99.98011928,99.90059642,0.99979976,1,1,1,1
809033,1,99.54504095,97.81619654,0.995901639,0.983914209,0.989218329,0.98655914,0.99882904
809040,1,99.98001998,99.9000999,0.9998,1,1,1,1
809092,1,99.43961353,97.19806763,0.9946,0.982954545,0.988571429,0.985754986,0.9994
809177,1,99.64356436,98.21782178,0.997796474,1,0.879310345,0.935779817,1
809215,1,97.42120344,88.06112703,0.976233273,0.929824561,0.929824561,0.929824561,0.996804474
809228,1,98.19343066,91.14963504,0.984474522,0.95814978,0.953947368,0.956043956,0.996218153
809287,1,99.17566241,95.87831207,0.993406593,0.964285714,0.9,0.931034483,0.999400599
809303,1,96.72877847,84.33402346,0.954131991,0.940697148,1,0.969442501,0.974646797
809331,1,95.66112431,81.71021378,0.961995712,0.965065502,0.933277027,0.948905109,0.992204249
809344,1,97.98013245,90.97682119,0.98083317,0.979392625,0.974110032,0.976744186,0.996283982
809354,1,99.52714536,98.51138354,0.994670351,0.996904025,1,0.998449612,0.999605211
809363,1,98.91743119,94.67889908,0.988195278,0.937759336,1,0.967880086,0.993997599
809371,1,98.83253589,94.35406699,0.989342449,0.938461538,0.968253968,0.953125,0.996782626
809384,1,99.34328358,96.91542289,0.993975904,0.777777778,0.933333333,0.848484848,0.997590361
809411,1,100,100,1,1,1,1,1
809414,1,99.57773512,97.88867562,0.996038035,1,0.987654321,0.99378882,1
809429,1,98.99628253,94.98141264,0.99440112,0.98603352,0.931398417,0.957937585,0.9990002
809461,1,97.69576958,89.01890189,0.974832875,0.923228346,1,0.960081883,0.992331891
809496,1,99.74358974,98.8034188,0.997432352,1,0.997458704,0.998727735,1
809526,1,95.8259325,80.28419183,0.952573158,0.867609254,1,0.929112182,0.979212916
809620,1,98.66028708,93.77990431,0.987334138,0.979919679,0.972111554,0.976,0.998994773
809625,1,98.7944664,93.97233202,0.988283659,0.816239316,0.979487179,0.89044289,0.991161357
809660,1,97.0626754,86.06173994,0.968378651,0.900473934,1,0.947630923,0.991540785
809670,1,99.03846154,95.48076923,0.992605915,0.973404255,0.933673469,0.953125,0.999000799
809675,1,98.86864813,94.91850431,0.988404638,0.963636364,0.995305164,0.979214781,0.99840064
809679,1,99.94123408,99.70617042,1,1,0.971428571,0.985507246,1
809680,1,98.83495146,94.85436893,0.989836588,0.991935484,0.931818182,0.9609375,0.999800717
809724,1,99.6834817,98.41740851,0.997005988,0.897959184,0.977777778,0.936170213,0.999001996
809771,1,99.52238806,97.6119403,0.995598239,0.925925926,0.925925926,0.925925926,0.99959984
809792,1,96.40728477,82.78145695,0.965587045,0.931858407,0.957272727,0.944394619,0.984412955
809812,1,97.17472119,87.26765799,0.973359841,0.93258427,0.948571429,0.940509915,0.995228628
809854,1,99.86679353,99.33396765,0.998591266,1,1,1,1
809856,1,95.41950113,80.19652305,0.94121071,0.918290383,1,0.95740498,0.974776872
809860,1,99.44598338,97.2299169,0.9940012,0.990430622,1,0.995192308,0.99920016
809910,1,99.75723623,98.87955182,0.997385884,1,1,1,1
809950,1,99.60707269,98.13359528,0.9966,1,0.966666667,0.983050847,1
810019,1,98.57692308,92.98076923,0.985825514,0.959183673,0.984293194,0.971576227,0.998402875
810047,1,98.90303624,94.71106758,0.989953787,0.953125,0.953125,0.953125,0.998794454
810054,1,99.90403071,99.52015355,0.999002195,1,1,1,1
810069,1,97.48819641,88.66855524,0.974173554,0.957173448,0.982417582,0.969631236,0.995867769
810186,1,97.84675073,90.20368574,0.9778,0.906432749,1,0.950920245,0.9968
810286,1,99.86069652,99.30348259,0.998598037,0.96969697,1,0.984615385,0.99979972
810352,1,98.40758294,92.03791469,0.988050189,0.93877551,0.905511811,0.921843687,0.997012547
810499,1,97.52895753,88.03088803,0.974317817,0.871111111,1,0.93111639,0.99418138
810509,1,97.12820513,86.15384615,0.972323659,0.905523256,0.962905719,0.933333333,0.987507207
810539,1,100,100,1,1,1,1,1
810652,1,93.88403495,74.34471803,0.918964429,0.8940359,1,0.944053806,0.961481793
810684,1,96.35,84.33333333,0.962328085,0.963599596,0.96948118,0.96653144,0.992824397
810742,1,98.77511962,93.97129187,0.991871531,0.9875,0.872928177,0.926686217,0.999603489
810775,1,98.42105263,92.57518797,0.985625873,0.940251572,0.961414791,0.950715421,0.996206828
810815,1,95.60756076,79.9279928,0.955828963,0.928571429,0.958123953,0.943116241,0.991125454
810817,1,99.59143969,97.95719844,0.995833333,0.970873786,1,0.985221675,0.999404762
810819,1,97.24528302,88.01886792,0.974205159,0.94,0.943143813,0.941569282,0.99640072
810872,1,98.20203892,91.10287303,0.982030924,0.937304075,0.981937603,0.959101844,0.99164229
810890,1,99.17508418,96.04377104,0.995708155,0.992433796,0.966830467,0.979464841,0.998829497
810910,1,98.23874755,92.07436399,0.983220136,0.859649123,0.942307692,0.899082569,0.996803835
811006,1,99.03225806,95.4459203,0.991254224,0.995708155,0.970711297,0.983050847,0.999801232
811051,1,99.3669634,96.83481701,0.994195356,0.965517241,0.949152542,0.957264957,0.99959968
811061,1,99.4021215,97.10703954,0.993785084,0.96097561,1,0.980099502,0.998396151
811090,1,99.3452381,96.72619048,0.993381468,0.915254237,1,0.955752212,0.998997192
811109,1,93.5735381,70.82102776,0.90171635,0.914767406,1,0.955486711,0.950677507
811147,1,94.07942238,73.14079422,0.920879969,0.928609483,1,0.962983425,0.974141258
811334,1,95.2489083,77.72925764,0.944737911,0.824435318,1,0.9037704,0.965258025
811340,1,95.29734675,78.31655993,0.9544,0.929637527,0.937634409,0.933618844,0.9934
811341,1,97.60831889,88.64818024,0.973659095,0.929947461,1,0.963702359,0.992364955
811390,1,96.44151565,83.36079077,0.957236191,0.936580882,1,0.967252017,0.986339339
811410,1,98.47744361,92.38721805,0.988773055,0.968454259,0.924698795,0.946070878,0.997995188
811443,1,92.23127036,64.98371336,0.904447115,0.825305536,1,0.904293029,0.951322115
811451,1,97.35652174,87.2173913,0.968769262,0.9217119,1,0.959261271,0.984590097
811487,1,98.82037534,94.10187668,0.987176996,0.96969697,1,0.984615385,0.997279969
811506,1,99.47110676,97.35553379,0.994583751,0.983606557,1,0.991735537,0.999598796
811524,1,96.271809,82.6446281,0.963816454,0.934911243,0.951807229,0.943283582,0.99332929
811571,1,93.64368845,70.72515667,0.923606628,0.830088496,1,0.907156673,0.958683021
811694,1,98.35315645,92.22323879,0.99128195,0.989361702,0.889952153,0.937027708,0.99920745
811717,1,98.54368932,92.7184466,0.988775306,0.993006993,0.881987578,0.934210526,0.999799559
811739,1,99.05231984,95.36031589,0.991424013,0.867924528,0.901960784,0.884615385,0.998603909
811772,1,98.05714286,90.76190476,0.98000404,0.957928803,0.989966555,0.973684211,0.997374268
811804,1,100,100,1,1,1,1,1
812025,1,98.14508724,91.184573,0.987595983,0.93982808,0.896174863,0.917482517,0.995865328
812060,1,98.00181653,90.28156222,0.98367106,0.905963303,0.936018957,0.920745921,0.991933897
812062,1,97.73979107,89.26875594,0.980289622,0.894736842,0.928327645,0.911222781,0.993563958
812103,1,94.10887397,76.73378076,0.93501171,0.960176991,0.960784314,0.960480556,0.987704918
812176,1,99.44029851,97.48134328,0.995733126,0.98989899,0.960784314,0.975124378,0.999612102
812178,1,99.80178394,99.10802775,0.998003195,0.973684211,1,0.986666667,0.999800319
812255,1,96.04597701,82.45210728,0.948369021,0.893045003,1,0.943501081,0.963378027
812350,1,95.80705009,79.22077922,0.954018311,0.771103896,1,0.87076077,0.971312309
812360,1,99.04418395,95.58160505,0.994023904,0.998011928,0.956190476,0.976653696,0.999800797
812372,1,98.07296539,90.45837231,0.984860558,0.911314985,0.916923077,0.914110429,0.994223108
812376,1,98.80509305,94.12340842,0.98875502,0.916030534,0.96,0.9375,0.997791165
812418,1,99.50787402,97.53937008,0.996418623,1,0.87037037,0.930693069,1
812442,1,92.22614841,65.93639576,0.888596314,0.878750514,1,0.9354627,0.940247114
812464,1,99.60238569,98.01192843,0.9960008,0.828571429,1,0.90625,0.99880024
812651,1,97.51978892,87.86279683,0.97170947,0.898717949,1,0.946657664,0.984149278
812681,1,99.57009346,97.85046729,0.995397238,0.967123288,1,0.983286908,0.997598559
812688,1,95.59346127,82.37384506,0.948591688,0.98503612,0.974974464,0.979979466,0.994287965
812749,1,96.3197026,83.17843866,0.963658147,0.924675325,0.956989247,0.940554822,0.994209265
812800,1,99.7252208,98.62610402,0.997191011,0.991071429,1,0.995515695,0.999799358
812804,1,99.32358318,96.70932358,0.99260148,0.979123173,1,0.989451477,0.9980004
812821,1,99.65014577,98.25072886,0.996791015,0.98125,0.987421384,0.984326019,0.999398315
812889,1,96.44036697,85.77981651,0.964603602,0.881656805,0.962843296,0.92046332,0.983440282
812949,1,93.37846987,69.60054164,0.907210626,0.881617341,1,0.937084626,0.946110057
812952,1,93.07734504,72.9018102,0.90685907,0.969930814,0.964540884,0.96722834,0.978823088
813018,1,99.7826087,98.91304348,0.99781051,0.87804878,1,0.935064935,0.999004777
813083,1,95.51470588,79.47303922,0.930550285,0.948785292,1,0.973719677,0.970398482
813149,1,90.43668122,59.02474527,0.860981803,0.865213882,1,0.92773691,0.929327127
813183,1,93.66834171,72.17336683,0.912378303,0.929292929,1,0.963350785,0.970792768
813184,1,99.72789116,98.63945578,0.99719944,0.979865772,1,0.989830508,0.99939988
813253,1,97.68946396,88.7245841,0.984455959,0.9375,0.880102041,0.907894737,0.995416501
813352,1,93.55633803,72.4471831,0.935684232,0.956909361,0.934687954,0.945668135,0.994189541
813366,1,97.40561471,87.41529526,0.976628046,0.922077922,0.893081761,0.907348243,0.997602877
813371,1,99.41287879,98.20075758,0.998599159,1,0.915194346,0.955719557,1
813564,1,98.41020608,92.14916585,0.983689086,0.74566474,1,0.854304636,0.99113975
813630,1,96,80.88888889,0.954963971,0.908959538,1,0.952308857,0.987389912
813654,1,94.41860465,73.72093023,0.920159681,0.883075523,1,0.937907707,0.943002883
813865,1,98.07067813,90.92645654,0.981181181,0.951020408,0.970833333,0.960824742,0.997597598
813959,1,99.32938856,96.84418146,0.994389902,0.960526316,0.924050633,0.941935484,0.999398918
814003,1,95.21555368,78.44463229,0.955835332,0.962585034,0.93194292,0.947016174,0.993405276
814043,1,94.36241611,74.74832215,0.943430291,0.945585216,0.944615385,0.945100051,0.989368104
814048,1,97.83154122,89.4265233,0.9773238,0.938803894,0.98540146,0.961538462,0.991011236
814107,1,95.88832487,81.38747885,0.964888191,0.966408269,0.921182266,0.943253468,0.994899961
814113,1,98.02681992,90.90038314,0.98247012,0.958549223,0.925,0.941475827,0.998406375
814177,1,98.78962536,93.9481268,0.993558776,0.958139535,0.869198312,0.911504425,0.998188406
814244,1,99.98007968,99.90039841,1,1,0.944444444,0.971428571,1
814261,1,96.93333333,85.71428571,0.969436676,0.940239044,0.967213115,0.953535354,0.997003596
814367,1,99.96003996,99.8001998,0.99959984,1,1,1,1
814514,1,93.20728291,68.97759104,0.899793388,0.906940063,1,0.951199338,0.951239669
814589,1,92.93197811,68.4910086,0.912335144,0.919139466,1,0.957866254,0.978859581
814717,1,99.29947461,96.49737303,0.991906111,0.972151899,1,0.985879332,0.995548361
814765,1,97.35294118,88.32720588,0.97280419,0.882797732,0.981092437,0.929353234,0.987510073
814902,1,98.46452867,92.61418853,0.984231537,0.888157895,1,0.940766551,0.996606786
814911,1,98.21493625,91.2568306,0.983106045,0.941373534,0.974003466,0.957410562,0.992876043
815099,1,98.23474178,91.36150235,0.988636364,0.978417266,0.8802589,0.926746167,0.998803828
815224,1,99.72222222,98.61111111,0.997189319,0.893939394,1,0.944,0.99859466
815244,1,94.68104223,76.10062893,0.946607788,0.908045977,0.948542024,0.927852349,0.988759534
815357,1,98.77106046,93.85530228,0.987988599,0.797546012,0.977443609,0.878378378,0.993281759
815488,1,98.56221198,92.99539171,0.98445286,0.925170068,1,0.961130742,0.993422364
815548,1,97.13888889,85.76388889,0.992502678,0.989648033,0.897371715,0.941253692,0.997322385
815599,1,98.38556505,92.87749288,0.982897384,0.948553055,1,0.97359736,0.996780684
815781,1,95.15934539,78.208441,0.943358194,0.883769634,1,0.938299055,0.977625479
815815,1,99.66236346,98.51042701,0.996565657,0.944444444,1,0.971428571,0.998989899
815976,1,99.9,99.5,0.9989994,0.75,1,0.857142857,0.99979988
816004,1,97.57236228,87.95518207,0.979212473,0.920903955,0.926136364,0.923512748,0.994403358
816042,1,98.40593142,92.77108434,0.990355636,0.992167102,0.909090909,0.948813983,0.999397227
816075,1,98.41565704,92.17148183,0.986172345,0.986263736,0.957333333,0.971583221,0.998997996
816120,1,98.04410355,90.89165868,0.981037924,0.904109589,0.965853659,0.933962264,0.995808383
816379,1,94.70899471,78.13051146,0.943445244,0.94606414,0.974474474,0.960059172,0.992605915
816387,1,99.56607495,97.83037475,0.995991984,0.962962963,0.975,0.968944099,0.999398798
816526,1,99.17566241,95.87831207,0.991475543,0.844221106,1,0.915531335,0.993708139
816791,1,99.0729783,95.66074951,0.991214058,0.967213115,0.951612903,0.959349593,0.999600639
816966,1,99.21641791,96.17537313,0.991610068,0.954177898,1,0.976551724,0.996604075
817202,1,91.89553496,64.7851727,0.898050021,0.852240896,1,0.920226843,0.95527766
817207,1,95.23893805,78.84955752,0.954407295,0.928077455,0.938461538,0.933240612,0.989463019
817418,1,99.92118227,99.60591133,0.999400719,1,0.985507246,0.99270073,1
817625,1,96.81494662,85.85409253,0.971240264,0.94599018,0.942903752,0.944444444,0.993409227
817648,1,99.82142857,99.10714286,0.998201079,0.973684211,1,0.986666667,0.99980012
817762,1,98.88482633,94.78976234,0.989854784,0.977426637,0.977426637,0.977426637,0.998010742
817814,1,99.58415842,97.92079208,0.996201519,0.978723404,0.958333333,0.968421053,0.99980008
817918,1,95.90449954,81.72635445,0.954526917,0.847962382,1,0.917726887,0.980220228
817921,1,96.57193606,84.10301954,0.970247604,0.97470489,0.92926045,0.951440329,0.997004792
818064,1,99.64636542,98.23182711,0.996376082,0.968503937,1,0.984,0.999194685
818137,1,99.96039604,99.8019802,0.999600479,1,1,1,1
818283,1,99.18650794,95.93253968,0.991790148,0.657142857,1,0.793103448,0.995194233
818704,1,92.49086925,65.88750913,0.899883132,0.88975559,1,0.94166208,0.958706661
818881,1,99.92087043,99.60435213,0.999199039,0.983870968,1,0.991869919,0.99979976
819600,1,99.48616601,97.43083004,0.996597959,1,0.857142857,0.923076923,1
819696,1,99.41118744,97.15407262,0.996825397,0.976190476,0.745454545,0.845360825,0.999801587
819700,1,93.45688961,69.62127317,0.931006657,0.866130212,0.948717949,0.905544933,0.96308251
820223,1,98.87922705,94.7826087,0.989306931,0.889705882,0.968,0.927203065,0.997029703
820319,1,99.32756964,96.63784822,0.99305004,0.918478261,1,0.957507082,0.997021446
820324,1,94.18894831,74.68805704,0.933967997,0.878590078,1,0.935371786,0.981162649
820477,1,94.80752014,77.26051925,0.937038645,0.848353553,1,0.917955931,0.962006079
820605,1,99.14209115,95.79982127,0.990407674,0.978476821,1,0.989121339,0.997402078
820951,1,98.73540856,93.6770428,0.98876179,0.919254658,0.942675159,0.93081761,0.99739113
821269,1,99.11937378,95.89041096,0.992773986,0.952,0.9296875,0.940711462,0.998795664
821737,1,97.43545611,87.43545611,0.986162541,0.99338843,0.885125184,0.936137072,0.999220425
821902,1,96.52968037,84.20091324,0.968046624,0.953156823,0.937875752,0.945454545,0.995377814
829896,1,92.18025182,62.82306163,0.88085622,0.886495726,1,0.939833273,0.932956381
892320,1,95.04491018,76.72155689,0.935072577,0.899886234,1,0.947305389,0.965476658
929417,1,99.42638623,97.13193117,0.99420116,0.991304348,0.995633188,0.993464052,0.99960008
930785,1,98.64220183,93.66972477,0.992875519,0.991712707,0.904282116,0.945981555,0.999406293
931476,1,99.56087824,97.80439122,0.995594714,0.941176471,1,0.96969697,0.99979976
931480,1,99.35483871,96.96394687,0.993804956,0.963369963,0.988721805,0.975881262,0.998001599
931757,1,96.57477026,84.87886383,0.959756576,0.917610711,1,0.957035446,0.984295249
931766,1,99.82922201,99.14611006,0.999004777,0.995884774,0.983739837,0.989775051,0.999800955
931813,1,98.50574713,92.81609195,0.984914238,0.974093264,0.98687664,0.980443286,0.997933457
932076,1,95.5538099,81.14689709,0.946156773,0.876679842,1,0.934288121,0.970319635
933057,1,97.01738335,87.9231473,0.967810701,0.95608532,0.984496124,0.97008275,0.992538904
933275,1,98.52941176,93.95424837,0.981875,0.975555556,0.997727273,0.986516854,0.993125
933401,1,99.26141885,96.30709427,0.996236133,0.975,0.804123711,0.881355932,0.999603803
933517,1,94.5177665,74.25670776,0.925399645,0.909452736,1,0.952579468,0.96408131
933519,1,99.81884058,99.0942029,0.998013903,1,1,1,1
933533,1,99.8,99,0.9979996,0.5,1,0.666666667,0.99979996
935268,1,98.81081081,94.41441441,0.987477989,0.984234234,0.995444191,0.989807475,0.998630405
935272,1,99.33823529,96.69117647,0.992842942,0.969267139,1,0.984393758,0.997415507
935856,1,97.5711575,88.89943074,0.976697469,0.936454849,0.95890411,0.947546531,0.996183206
935880,1,99.11282546,95.56412729,0.990596893,0.918495298,1,0.95751634,0.9946852
936475,1,94.80994152,76.9005848,0.93360763,0.93781407,1,0.967909238,0.981484945
936493,1,99.90384615,99.51923077,0.999007937,1,1,1,1
936807,1,92.11143695,63.04985337,0.889278351,0.868165785,0.999492386,0.929211892,0.938350515
937035,1,98.15384615,91.25,0.983253589,0.934782609,0.934782609,0.934782609,0.997607656
937258,1,98.03554724,90.27128157,0.983906219,0.953642384,0.923076923,0.938110749,0.997218359
937600,1,97.73123909,89.0052356,0.976543705,0.99048913,0.982479784,0.9864682,0.998596632
938427,1,99.6692607,98.3463035,0.996578788,0.944751381,1,0.971590909,0.997987523
938515,1,99.70414201,98.52071006,0.996987347,0.968085106,1,0.983783784,0.999397469
938519,1,94.7654321,78.43621399,0.944988254,0.948012232,0.961737332,0.954825462,0.990015662
938676,1,99.58661417,98.03149606,0.995995996,0.965517241,0.988235294,0.976744186,0.999399399
939349,1,97.44030564,88.252149,0.976304261,0.951923077,0.929577465,0.940617577,0.998008761
939393,1,99.86013986,99.3006993,0.9986,1,1,1,1
939397,1,95.15151515,78.78787879,0.953653107,0.92504931,0.930555556,0.927794263,0.992309249
939591,1,90.80487805,61.95121951,0.853649068,0.914491449,1,0.955336154,0.944681677
939617,1,91.6385011,63.70315944,0.918249381,0.923076923,0.911779704,0.917393535,0.969240297
940329,1,99.17566241,96.17271835,0.99238477,0.971153846,0.961904762,0.966507177,0.999398798
941119,1,94.21686747,72.56719184,0.937147462,0.865461847,1,0.92787944,0.98650282
941156,1,94.43181818,74.83766234,0.941188158,0.924657534,0.958296362,0.941176471,0.982515398
941320,1,100,100,1,1,1,1,1
941485,1,98.48803828,92.44019139,0.984209474,0.847328244,1,0.917355372,0.992004797
941507,1,98.71956718,94.77006312,0.988588589,0.992592593,0.974545455,0.983486239,0.999199199
942414,1,98.5199241,93.0740038,0.986295929,0.969957082,0.961702128,0.965811966,0.998609732
942907,1,99.94280267,99.71401335,0.999400958,1,1,1,1
942925,1,98.63636364,93.27651515,0.988125866,0.968468468,0.947136564,0.957683742,0.998614684
943579,1,98.20677036,91.94876487,0.983500295,0.989010989,0.962566845,0.975609756,0.9992143
944457,1,94.01372213,72.38421955,0.945254745,0.905797101,0.909090909,0.907441016,0.984415584
944653,1,98.22296731,91.11483655,0.979770992,0.973154362,1,0.986394558,0.996183206
945267,1,98.73804971,93.97705545,0.988732394,0.950570342,0.961538462,0.956022945,0.997384306
945328,1,99.94023904,99.70119522,0.9994,1,1,1,1
945549,1,96.50765077,83.16831683,0.961098857,0.886115445,1,0.93961952,0.985361941
945567,1,99.54319762,97.71598808,0.995398159,0.925,1,0.961038961,0.99939976
945753,1,99.9,99.5,0.998999199,0.666666667,1,0.8,0.99959968
946020,1,98.63854267,93.95973154,0.986197239,0.968325792,0.990740741,0.979405034,0.99859972
946610,1,96.19047619,83.33333333,0.961091872,0.968421053,0.967148489,0.967784352,0.995111021
948876,1,98.66535819,93.52306183,0.987002599,0.947916667,0.968085106,0.957894737,0.9990002
949173,1,99.70501475,98.52507375,0.997,1,1,1,1
949192,1,99.82318271,99.11591356,0.998201439,1,1,1,1
949216,1,98.61682243,94.39252336,0.986895161,0.957286432,0.976923077,0.967005076,0.996572581
949625,1,99.24637681,96.42512077,0.994629003,0.99270073,0.918918919,0.954385965,0.999801074
950082,1,99.453125,97.36328125,0.995191344,0.961538462,0.968992248,0.965250965,0.998998197
950092,1,97.18543046,86.3410596,0.966535433,0.935672515,1,0.966767372,0.987007874
951484,1,98.05258033,90.45764362,0.979736575,0.854700855,1,0.921658986,0.993110436
951499,1,93.66696997,70.3366697,0.930594336,0.882568807,1,0.937621832,0.98723574
951896,1,92.91181364,69.13477537,0.911194497,0.827986348,1,0.905899925,0.947467167
951905,1,99.04159132,95.38878843,0.991738868,0.975395431,0.978835979,0.977112676,0.997179126
951964,1,99.07335907,95.84942085,0.991231566,0.975308642,0.975308642,0.975308642,0.99920287
952873,1,97.28668942,87.96928328,0.97560031,0.980769231,0.952586207,0.966472303,0.997482572
952886,1,97.26102941,87.31617647,0.973562988,0.930735931,0.96196868,0.946094609,0.993591027
953099,1,92.23611111,67.70833333,0.907889623,0.944817658,0.958617332,0.951667472,0.977652546
953102,1,89.65718454,54.33989788,0.856622851,0.85919928,1,0.924268086,0.936703741
953115,1,98.47358121,92.66144814,0.985232489,0.904761905,0.95959596,0.931372549,0.99800439
953164,1,94.96130696,77.98796217,0.941784224,0.904046243,1,0.949605343,0.983508842
953429,1,98.46011132,92.85714286,0.986044657,0.978319783,0.965240642,0.971736205,0.998405104
953434,1,99.35672515,96.78362573,0.993589744,1,0.992753623,0.996363636,1
953475,1,97.49056604,87.45283019,0.978052674,0.913793103,0.920138889,0.916955017,0.995011971
953529,1,99.12476723,95.716946,0.993484699,0.973244147,0.954098361,0.963576159,0.998420533
953531,1,97.65037594,89.19172932,0.977061499,0.965779468,0.965779468,0.965779468,0.998220289
953559,1,99.48258706,97.41293532,0.994772819,0.894736842,1,0.944444444,0.998793727
954050,1,99.1393826,95.79045837,0.990822027,0.956896552,1,0.977973568,0.997007183
954438,1,98.00373134,91.60447761,0.981025434,0.97037037,0.967980296,0.969173859,0.997577715
955367,1,96.90566038,85.43396226,0.975919606,0.982253086,0.942264989,0.961843597,0.995638984
955556,1,96.03633361,82.65895954,0.959200326,0.961139896,0.965307892,0.963219386,0.990820073
955952,1,97.86231884,89.67391304,0.976319486,0.924268503,1,0.960644007,0.991169978
956412,1,99.37316357,96.86581783,0.994375251,0.904411765,0.968503937,0.935361217,0.997388509
956430,1,99.7148289,98.57414449,0.997016113,1,1,1,1
956463,1,98.84652981,94.33040078,0.988256369,0.91,1,0.952879581,0.998208599
956474,1,97.61085973,88.23529412,0.973778308,0.916044776,1,0.956183057,0.991060787
956710,1,99.81024668,99.0512334,0.9979996,0.992673993,1,0.996323529,0.99959992
956754,0,99.94,99.7,0.9994,0,0,0,0
956872,1,97.06176962,86.64440735,0.971636793,0.982162765,0.964950712,0.973480663,0.996848533
957328,1,98.42843779,93.5453695,0.9848,0.96011396,0.976811594,0.968390805,0.9972
957532,1,96.17283951,82.94753086,0.965236393,0.952810548,0.949515906,0.951160374,0.986491855
958439,1,93.27935223,70.37786775,0.903075127,0.923952826,1,0.960473473,0.963604515
958459,1,99.74,98.7,0.997396876,0.75,1,0.857142857,0.999599519
958627,1,98.37554585,92.40174672,0.981796829,0.96400626,1,0.981673307,0.995498141
958754,1,96.14678899,83.94495413,0.949930459,0.943644333,1,0.971005155,0.982118021
958769,1,99.94123408,99.70617042,0.9994,1,1,1,1
958934,1,93.85493073,72.29013855,0.943579767,0.924643585,0.912562814,0.91856348,0.985603113
959816,1,96.06373008,82.38050609,0.961290323,0.949468085,0.952,0.950732357,0.996169355
959851,1,95.9078341,81.47465438,0.962863071,0.959044369,0.92892562,0.943744752,0.995020747
960062,1,93.69580179,72.12663455,0.913812571,0.880812641,1,0.936629861,0.95031991
960464,1,99.78087649,98.90438247,0.997788945,0.833333333,1,0.909090909,0.998190955
960848,1,98.50802644,93.01227573,0.985685484,0.981981982,0.976119403,0.979041916,0.998790323
960862,1,99.26966292,96.44194757,0.992248062,0.947852761,1,0.973228346,0.99662095
961182,1,96.78873239,85.35211268,0.970285261,0.948148148,0.924187726,0.936014625,0.997226624
961507,1,90.27900147,64.17033774,0.872024415,0.895622896,0.982585752,0.937091092,0.95584944
961823,1,94.69642857,75.08928571,0.939089418,0.851764706,1,0.919949174,0.974159147
962285,1,98.7522604,93.94213382,0.987436677,0.97029703,0.988235294,0.979184013,0.996352584
962510,1,94.73092369,76.78714859,0.94249264,0.920941968,0.969026549,0.944372574,0.98155054
962516,1,95.94405594,81.46853147,0.972,0.961715161,0.872222222,0.914785142,0.995
962915,1,92.89347079,68.72852234,0.89816821,0.901928601,1,0.948435814,0.952924956
962981,1,99.56735497,97.93510324,0.996804474,0.972972973,0.923076923,0.947368421,0.999600559
963233,1,95.83032491,80.23465704,0.954148472,0.835274542,1,0.910244787,0.980349345
963289,1,93.83219955,71.73091459,0.964195858,0.968379447,0.845994475,0.903059344,0.992258564
963592,1,96.61266568,83.94698085,0.962206952,0.947340706,0.976655809,0.961774926,0.979789814
963730,1,97.25047081,86.72316384,0.976033553,0.978798587,0.914191419,0.945392491,0.998801678
963981,1,99.25572519,96.66030534,0.992663097,0.994897959,0.989847716,0.992366412,0.999801705
964035,1,98.45708775,92.28543877,0.983347211,0.846666667,1,0.916967509,0.985636969
964134,1,99.50592885,97.6284585,0.995983129,0.974358974,0.938271605,0.955974843,0.999598313
964215,1,96.32471008,84.12132025,0.963218858,0.957848837,0.963450292,0.960641399,0.994106889
964490,1,98.04327375,90.96895579,0.983514274,0.969604863,0.935483871,0.952238806,0.997989546
964636,1,96.27081021,82.63041065,0.957800941,0.980243662,0.972240366,0.976225611,0.989912576
964960,1,94.29622815,74.24103036,0.944974176,0.924623116,0.917705736,0.921151439,0.994040524
965341,1,93.83525244,74.22497786,0.93815261,0.921828909,0.939849624,0.930752048,0.98935743
965549,1,96.34322374,83.56054531,0.959719439,0.959810875,0.978313253,0.968973747,0.989779559
965976,1,95.52806851,80.49476689,0.957979798,0.92358804,0.91147541,0.917491749,0.995353535
966121,1,94.76531424,75.65632458,0.933521924,0.859163987,1,0.924247665,0.955748636
966810,1,99.35483871,96.77419355,0.994440032,0.973684211,0.936708861,0.95483871,0.999602859
967103,1,98.04651163,90.3255814,0.981287726,0.953883495,0.97037037,0.962056304,0.996177062
967116,1,96.7816092,84.8806366,0.97067807,0.963165075,0.948924731,0.955991875,0.994502138
967242,1,98.95853423,94.9855352,0.99382716,0.992907801,0.858895706,0.921052632,0.999800876
967287,1,91.71407732,62.58205689,0.896524642,0.873160832,0.976730988,0.922046611,0.950913018
968461,1,98.67906977,93.39534884,0.988312203,0.913043478,0.963302752,0.9375,0.994057052
968695,1,99.58374628,98.01783944,0.996559401,1,0.961538462,0.980392157,1
969010,1,98.08193669,91.99255121,0.98143342,0.906976744,0.972299169,0.938502674,0.992812937
969077,1,98.06389158,90.803485,0.981323589,0.888461538,0.966527197,0.925851703,0.99411287
969177,1,98.29901522,92.03222919,0.980827447,0.940298507,1,0.969230769,0.991927346
969340,1,95.45536519,80.25247971,0.956780333,0.941532258,0.932135729,0.936810431,0.994250595
969698,1,90.5788712,71.12879884,0.880360721,0.937217479,0.971875,0.954231654,0.9749499
969969,1,98.86497065,94.32485323,0.988748242,0.903448276,0.984962406,0.942446043,0.99718706
970238,1,98.87795276,94.88188976,0.989393636,0.975308642,0.951807229,0.963414634,0.99959976
970256,1,99.56305859,97.81529295,0.99600639,0.925925926,0.925925926,0.925925926,0.999600639
970257,1,99.60151803,98.67172676,0.995815066,0.972972973,1,0.98630137,0.998605022
970591,1,98.15686275,91.56862745,0.981653226,0.925675676,0.978571429,0.951388889,0.997782258
970727,1,97.83109405,89.82725528,0.980293585,0.925,0.936708861,0.93081761,0.996380454
970743,1,99.55769231,97.78846154,0.995422886,0.966850829,1,0.983146067,0.99880597
970790,1,98.40758294,92.51184834,0.984015984,0.953405018,0.985185185,0.969034608,0.997402597
971135,1,95.63512361,79.62489344,0.94955665,0.911188005,1,0.953530477,0.984827586
971152,1,98.2544104,91.272052,0.995972382,1,0.573099415,0.728624535,1
971542,1,97.71587744,89.32219127,0.979903537,0.950738916,0.943765281,0.947239264,0.995980707
971668,1,98.66790009,93.89454209,0.985518906,0.939262473,1,0.968680089,0.994368463
971705,1,99.18367347,95.91836735,0.991972707,0.971084337,0.99017199,0.98053528,0.997591812
971809,1,99.40130964,97.38072965,0.995404595,0.991017964,0.973529412,0.982195846,0.999400599
971987,1,99.74257426,98.71287129,0.99739948,1,1,1,1
971994,1,93.98230088,74.09493162,0.933439617,0.91898332,0.966583124,0.94218241,0.979673177
972423,1,97.71639042,90.51565378,0.97653247,0.985596708,0.983572895,0.984583762,0.998583856
973658,1,99.69018933,98.45094664,0.996604753,1,0.99875467,0.999376947,1
973722,1,95.06775068,78.04878049,0.952334056,0.92826087,0.93231441,0.930283224,0.993500098
973734,1,95.86206897,80.25862069,0.950637598,0.852727273,1,0.920510304,0.966680378
973877,1,99.33528837,96.77419355,0.993583317,0.919708029,0.984375,0.950943396,0.997794265
974394,1,99.01960784,95.58823529,0.990994597,0.951456311,0.951456311,0.951456311,0.9989994
974540,1,98.77669903,94.0776699,0.988159743,0.931428571,0.976047904,0.953216374,0.997591812
974676,1,97.65202703,91.46959459,0.990424077,1,0.887920299,0.940633245,1
974744,1,95.50458716,80.82568807,0.955247843,0.956989247,0.952890792,0.954935622,0.995986354
975105,1,97.21448468,86.44382544,0.983731466,0.964210526,0.865784499,0.912350598,0.996499176
975485,1,90.6705969,62.34340457,0.889693709,0.940609137,0.948796723,0.94468519,0.975786424
975529,1,98.51494696,92.57473481,0.989212944,0.917647059,0.87150838,0.893982808,0.997203356
975530,1,99.86287953,99.31439765,0.9986053,0.988505747,1,0.994219653,0.999800757
975536,1,99.57322987,97.96314258,0.995725626,1,0.995867769,0.997929607,1
975945,1,98.9688716,95.13618677,0.989433812,0.879432624,1,0.935849057,0.996610845
976128,1,98.18346957,91.18982743,0.984624483,0.973871734,0.949074074,0.961313013,0.997831658
976133,1,99.98050682,99.90253411,1,1,0.993006993,0.996491228,1
976233,1,98.984375,95.01953125,0.989604158,0.830985915,1,0.907692308,0.995201919
976836,1,99.11275416,95.56377079,0.990386541,0.976580796,1,0.988151659,0.997997196
976969,1,98.0513729,93.44552702,0.979108635,0.897660819,0.991922456,0.942440522,0.986072423
977028,1,99.72014925,98.60074627,0.999397348,1,0.968586387,0.984042553,1
977510,1,99.98025666,99.90128332,0.9998002,1,1,1,1
977549,1,95.6416882,81.22308355,0.953954161,0.954918033,0.968814969,0.961816305,0.990914722
978533,1,97.63205829,89.3442623,0.977038797,0.957110609,0.96803653,0.962542565,0.996239113
978557,1,95.68042142,79.36786655,0.948524796,0.866603595,1,0.928535226,0.97049592
982700,1,99.77121068,98.85605338,0.998197115,1,0.988142292,0.994035785,1
982732,1,99.42517344,97.22497522,0.99441675,0.852941176,0.966666667,0.90625,0.999002991
982747,1,98.43780135,92.4783028,0.983822648,0.894472362,1,0.944297082,0.995805872
983184,1,97.45079663,89.03467666,0.976318408,0.973421927,0.94516129,0.95908347,0.99840796
983455,1,93.3543904,70.62539482,0.895302548,0.920993947,1,0.958872305,0.950636943
983722,1,98.23154057,91.70464904,0.980773043,0.890688259,1,0.942184154,0.989296333
984008,1,97.80534351,90.07633588,0.97742985,0.924418605,0.98757764,0.954954955,0.994713298
984114,1,98.95138227,94.94756911,0.988982372,0.930147059,1,0.963809524,0.99619391
984282,1,99.08560311,95.52529183,0.991403439,0.964028777,0.971014493,0.967509025,0.9990004
984374,1,97.86187323,89.49858089,0.977463103,0.87987013,1,0.936096718,0.992620662
984599,1,98.76724931,94.20423183,0.987351625,0.973509934,0.993243243,0.983277592,0.998443277
984693,1,92.08622017,66.66666667,0.896454472,0.88445985,1,0.938687922,0.959709911
984786,1,97.91666667,89.96212121,0.979865772,0.907216495,0.96969697,0.937416778,0.992678462
984833,1,96.28571429,82,0.960574201,0.844444444,1,0.915662651,0.988677719
985215,1,97.88679245,89.62264151,0.98093693,0.943548387,0.951219512,0.947368421,0.995741229
985224,1,97.82211139,89.60931006,0.978217426,0.926897844,0.978239367,0.951876805,0.98441247
986157,1,98.14354067,91.00478469,0.986997399,0.989795918,0.85840708,0.91943128,0.99959992
986167,1,97.72727273,88.92045455,0.977020927,0.861471861,0.980295567,0.917050691,0.986869101
986180,1,94.55377574,75.20976354,0.930490654,0.907289003,1,0.951391217,0.971767913
986198,1,100,100,1,1,1,1,1
986428,1,93.88724036,74.10979228,0.934537246,0.953048353,0.95505618,0.95405121,0.987396539
986594,1,98.81668283,94.27740058,0.989925448,0.937823834,0.942708333,0.94025974,0.997582108
987383,1,99.47058824,97.45098039,0.995218171,0.939759036,0.962962963,0.951219512,0.999003786
987906,1,99.45841393,97.38878143,0.995422886,0.985915493,0.965517241,0.975609756,0.99960199
988292,1,99.17042381,95.85211903,0.990785256,0.968476357,1,0.983985765,0.996394231
988945,1,99.16015625,95.80078125,0.992025518,0.961904762,0.971153846,0.966507177,0.999202552
989185,1,95.90909091,79.92424242,0.955130868,0.823321555,1,0.903100775,0.979227254
989322,1,97.36086176,87.34290844,0.976484898,0.975845411,0.95133438,0.963434022,0.996959254
989349,1,98.82899628,94.23791822,0.990501755,0.979284369,0.968342644,0.973782772,0.997728681
989436,1,100,100,1,1,1,1,1
989696,1,99.84375,99.21875,0.9984,1,1,1,1
989777,1,99.00195695,95.40117417,0.989852766,0.923076923,1,0.96,0.998607242
990026,1,99.76878613,98.94026975,0.997602877,1,1,1,1
990068,1,98.67832847,93.58600583,0.987372219,0.932098765,0.967948718,0.949685535,0.997795149
990103,1,94.94473102,78.92409727,0.950638138,0.962937063,0.945092656,0.953931417,0.990052553
990249,1,99.57364341,97.96511628,0.997008377,0.972027972,0.952054795,0.961937716,0.999202234
990289,1,99.36962751,96.84813754,0.994642857,0.984375,0.969230769,0.976744186,0.999404762
990803,1,98.49952517,92.59259259,0.987807316,0.953125,0.93129771,0.942084942,0.997601439
991045,1,97.38754325,88.75432526,0.970015886,0.937027708,1,0.967490247,0.990071485
991218,1,99.65417867,98.36695485,0.996379726,0.983122363,1,0.991489362,0.999195495
991273,1,99.30232558,96.89922481,0.993792551,0.981707317,0.969879518,0.975757576,0.999399279
991300,1,99.23076923,96.63461538,0.99340132,0.994818653,0.964824121,0.979591837,0.99980004
992423,1,98.93617021,94.77756286,0.995634054,0.907407407,0.748091603,0.820083682,0.998015479
992633,1,95.58371041,80,0.956077016,0.941391941,0.953617811,0.947465438,0.99358203
992961,1,91.74270755,62.82722513,0.888574889,0.87912646,1,0.935675676,0.951958014
993257,1,94.85182049,79.17019475,0.947527141,0.968375136,0.953813104,0.961038961,0.994169682
993477,1,97.11555169,86.96785404,0.975575576,0.967567568,0.942105263,0.954666667,0.995195195
993606,1,94.39205955,73.77998346,0.932172869,0.871773522,1,0.931494662,0.969187675
993694,1,97.03703704,86.80555556,0.962855872,0.973658052,0.987399194,0.98048048,0.988211744
994084,1,98.13186813,90.84249084,0.979464465,0.891500904,1,0.942638623,0.987920274
994223,1,97.76911076,89.07956318,0.974583333,0.974248927,0.986956522,0.980561555,0.99125
994448,1,98.29706717,91.67455061,0.982633279,0.953623188,0.987987988,0.970501475,0.996768982
994483,1,98.91132572,94.55662862,0.98920659,0.9784689,0.987922705,0.983173077,0.998295777
994577,1,99.08203125,95.41015625,0.992036631,0.957446809,0.927835052,0.942408377,0.999203663
994867,1,99.21641791,96.17537313,0.992009588,0.997167139,0.994350282,0.995756719,0.99980024
995244,1,95.26561044,77.81919851,0.948457792,0.879275654,1,0.935760171,0.987824675
995313,1,99.45841393,97.29206963,0.998817501,0.986666667,0.770833333,0.865497076,0.999802917
995318,1,96.70009116,84.41203282,0.96592775,0.91858679,0.975530179,0.946202532,0.989121511
995485,1,97.12442396,86.359447,0.968478481,0.906666667,1,0.951048951,0.99009901
995528,1,97.25204732,86.62420382,0.974896225,0.958139535,0.944954128,0.951501155,0.996441985
995561,1,97.94253939,90.08341057,0.977993656,0.926121372,1,0.961643836,0.99444885
996035,1,99.53227315,97.66136576,0.996484375,0.99543379,0.968888889,0.981981982,0.999804688
996377,1,98.81897386,94.28848015,0.989742558,0.983870968,0.948186528,0.965699208,0.999396621
996427,1,97.24310777,86.80033417,0.966908797,0.94053065,0.999028183,0.968897267,0.986884584
996434,1,92.32111693,64.92146597,0.919500906,0.938802083,0.947437582,0.943100065,0.990541356
996436,1,98.3552056,91.776028,0.991469562,0.98255814,0.910233393,0.945013979,0.998255138
996870,1,93.75379939,71.96048632,0.917914919,0.87632312,1,0.934085511,0.955662073
997001,1,100,100,1,1,1,1,1
997046,1,99.98015873,99.90079365,0.999799519,1,1,1,1
997282,1,99.27272727,96.44628099,0.991570881,0.985748219,1,0.992822967,0.997701149
997417,1,97.71276596,88.74113475,0.987576375,0.970674487,0.906849315,0.937677054,0.99592668
997743,1,97.84556721,89.32316492,0.977336542,0.880952381,1,0.936708861,0.992980345
997853,1,100,100,1,1,1,1,1
997982,1,98.31460674,91.85393258,0.98578294,0.95335277,0.945086705,0.949201742,0.996796155
997990,1,95.08445946,76.43581081,0.960858335,0.954271961,0.894024803,0.923166473,0.992449831
998020,1,94.27864798,72.62984336,0.927039529,0.867461895,1,0.929027679,0.957947855
998030,1,98.95652174,94.97584541,0.990430622,0.96835443,0.962264151,0.965299685,0.99900319
998691,1,97.93364929,89.85781991,0.978360135,0.859205776,1,0.924271845,0.992257296
998788,1,99.56305859,97.81529295,0.995970179,0.886075949,0.972222222,0.927152318,0.998186581
998960,1,98.77979028,93.99428027,0.987161484,0.902777778,1,0.948905109,0.994383149
999016,1,95.39315449,78.44588344,0.953303426,0.90926276,0.96007984,0.933980583,0.990212072
999042,1,99.03030303,95.32467532,0.990882061,0.990371389,0.98630137,0.988332189,0.998612488
999069,1,99.53216374,97.66081871,0.996002399,0.976190476,0.968503937,0.972332016,0.99940036
999139,1,99.61202716,98.06013579,0.996624305,1,0.974789916,0.987234043,1
999464,1,98.58914729,93.41085271,0.991338731,0.988256549,0.960491659,0.974176313,0.99755225
999465,1,96.31799163,82.17573222,0.956701437,0.872195122,1,0.931735279,0.974217674
999520,1,97.6290631,88.43212237,0.97528896,0.894514768,1,0.944320713,0.995017935
999580,1,98.83458647,94.45488722,0.990540008,0.995708155,0.943089431,0.96868476,0.999802917
