OMA_group,Mus,Rattus,V2,Pan,Homo,V5,Gorilla,V7,Macaca,V9,root
1000131,0.06766,0.08055,0.17706,0.01097,0.01101,0.0001,0.0001,0.05973,0.07313,0.18448,0
1000249,0.04694,0.05666,0.15057,0.0025,0.00766,0.00558,0.02534,0.02631,0.04953,0.15558,0
1000358,0.027,0.03442,0.09921,0.00188,0.00195,0.0001,0.00513,0.01015,0.01323,0.11834,0
1000360,0.06092,0.02474,0.11426,0.0001,0.00777,0.0001,0.06655,0.02275,0.03881,0.08588,0
1000362,0.00701,0.00399,0.01871,0.0001,0.0001,0.0001,0.0001,0.00349,0.00196,0.02223,0
1000739,0.00096,0.00209,0.0039,0.0001,0.0001,0.0001,0.01372,0.0001,0.0001,0.0039,0
1000809,0.02999,0.02188,0.06962,0.04181,0.00161,0.0001,0.00668,0.00353,0.02379,0.05426,0
1000823,0.02352,0.06367,0.04853,0.00162,0.00325,0.0001,0.00163,0.01257,0.02414,0.08806,0
1001353,0.07498,0.08745,0.11573,0.0059,0.00394,0.00162,0.00425,0.02559,0.02,0.17005,0
1002798,0.09378,0.0939,0.16718,0.00222,0.00712,0.00054,0.06076,0.02178,0.03545,0.17854,0
1002891,0.06338,0.04137,0.13596,0.00384,0.00767,0.0001,0.0086,0.01053,0.02316,0.17617,0
1002933,0.08314,0.10158,0.10387,0.00551,0.0055,0.0001,0.01112,0.02041,0.0349,0.17055,0
1003383,0.0072,0.01057,0.02064,0.0001,0.0001,0.0001,0.0001,0.00315,0.00321,0.028,0
1003384,0.00164,0.01161,0.00415,0.00165,0.0001,0.0001,0.00165,0.0001,0.0001,0.00415,0
1003817,0.10054,0.0001,0.00829,0.0001,0.09949,0.0001,0.01758,0.0001,0.0001,0.00934,0
1003905,0.07736,0.05846,0.04515,0.01285,0.00512,0.0001,0.00222,0.01233,0.01031,0.09732,0
1004146,0.0109,0.01341,0.02088,0.0001,0.00182,0.0001,0.00407,0.00364,0.0001,0.02657,0
1004368,0.04554,0.03885,0.10088,0.00559,0.0091,0.00316,0.00595,0.0051,0.01783,0.12858,0
1004406,0.03367,0.01997,0.08925,0.00158,0.00115,0.0001,0.07177,0.0066,0.00357,0.04455,0
1004511,0.10725,0.07272,0.11303,0.00273,0.0001,0.0001,0.00552,0.00996,0.00945,0.20479,0
1004593,0.00793,0.0095,0.00647,0.0001,0.0001,0.0001,0.08483,0.0001,0.00272,0.00609,0
1004845,0.09588,0.15249,0.07552,0.01631,0.00385,0.00162,0.00507,0.01609,0.0205,0.19399,0
1005043,0.05315,0.09788,0.1386,0.0001,0.13966,0.0001,0.005,0.02202,0.0001,0.07481,0
1005337,0.04939,0.25535,0.0413,0.00471,0.00665,0.00234,0.00607,0.0332,0.04192,0.25447,0
1005341,0.04136,0.0603,0.05387,0.00253,0.0022,0.00227,0.0121,0.00677,0.02147,0.0927,0
1006391,0.03251,0.0359,0.09773,0.00133,0.00363,0.0001,0.00363,0.01643,0.01222,0.11357,0
1006570,0.0065,0.01311,0.0001,0.0001,0.0001,0.0001,0.0001,0.0001,0.0001,0.0001,0
1006589,0.02096,0.03097,0.0529,0.00135,0.00271,0.00134,0.00545,0.00669,0.00973,0.07174,0
1006742,0.03398,0.08402,0.21251,0.02424,0.00961,0.0001,0.0001,0.03844,0.02798,0.23386,0
1007251,0.0328,0.02081,0.03107,0.0001,0.00334,0.0001,0.00333,0.00648,0.01055,0.05332,0
1007342,0.04737,0.03813,0.06717,0.01165,0.0104,0.00302,0.00746,0.01748,0.0299,0.0824,0
1007426,0.05223,0.04363,0.10774,0.00145,0.00289,0.00127,0.0899,0.00925,0.02762,0.06082,0
1008205,0.01566,0.02499,0.04804,0.00924,0.0151,0.00185,0.00311,0.00802,0.02633,0.0467,0
1008600,0.01249,0.01819,0.037,0.00493,0.00099,0.00087,0.0238,0.00888,0.00836,0.02252,0
1008660,0.0001,0.06109,0.02471,0.00287,0.00405,0.0001,0.0001,0.00453,0.0001,0.07721,0
1008831,0.04065,0.10403,0.23339,0.0001,0.0001,0.0001,0.0001,0.01069,0.0275,0.30992,0
1008886,0.05071,0.05547,0.09007,0.00429,0.0049,0.00186,0.0133,0.01335,0.01922,0.1189,0
1008898,0.01985,0.02037,0.0491,0.00159,0.00159,0.0001,0.00284,0.00251,0.02791,0.04157,0
1008899,0.05581,0.0365,0.08233,0.00643,0.00375,0.00169,0.03799,0.01794,0.0309,0.0822,0
1008909,0.06698,0.1364,0.15828,0.01066,0.0053,0.0001,0.00265,0.02636,0.01746,0.25767,0
1009169,0.01812,0.03686,0.08363,0.00483,0.00987,0.0001,0.00981,0.03076,0.03417,0.07985,0
1009206,0.02064,0.01798,0.053,0.00248,0.0001,0.0001,0.1191,0.00241,0.00754,0.05301,0
1009324,0.0079,0.00592,0.00889,0.0001,0.0001,0.0001,0.0001,0.00325,0.00499,0.00886,0
1009355,0.09743,0.18322,0.19204,0.00835,0.01292,0.00813,0.02352,0.03281,0.04654,0.31894,0
1009414,0.0308,0.02955,0.06463,0.00358,0.00362,0.0027,0.00549,0.01297,0.00514,0.07614,0
1009498,0.00529,0.01042,0.04215,0.00154,0.0001,0.0001,0.0015,0.00451,0.0001,0.04652,0
1009703,0.00483,0.00524,0.01612,0.00334,0.00336,0.0001,0.00335,0.0001,0.0001,0.018,0
1009709,0.07569,0.0739,0.17034,0.0082,0.00299,0.0013,0.00685,0.01395,0.04114,0.20489,0
1009819,0.04703,0.06251,0.06946,0.0055,0.00061,0.00183,0.00428,0.01285,0.01806,0.1118,0
1009823,0.05392,0.06663,0.12567,0.00324,0.0033,0.0001,0.00167,0.02534,0.01166,0.16366,0
1010132,0.00352,0.0001,0.01073,0.0001,0.0001,0.0001,0.00353,0.0001,0.00355,0.01071,0
1010297,0.00201,0.0346,0.01217,0.0001,0.0001,0.0001,0.0001,0.0001,0.0001,0.0122,0
1010344,0.09646,0.07342,0.18861,0.0264,0.00898,0.00402,0.05988,0.03173,0.01806,0.19346,0
1010356,0.0112,0.00532,0.02851,0.00638,0.00157,0.0001,0.02902,0.00071,0.00152,0.00997,0
1010483,0.02177,0.02035,0.04362,0.00291,0.00567,0.0001,0.03955,0.00289,0.00288,0.02295,0
1010709,0.0366,0.05812,0.08899,0.00747,0.00123,0.00153,0.00718,0.036,0.02298,0.1021,0
1010811,0.0048,0.00583,0.02062,0.0021,0.00105,0.0001,0.00639,0.00494,0.00363,0.01512,0
1011323,0.04762,0.07145,0.23122,0.00918,0.02247,0.00301,0.08712,0.02713,0.0594,0.18842,0
1011337,0.04511,0.01922,0.00868,0.0001,0.00723,0.0001,0.00494,0.00364,0.00724,0.04293,0
1011498,0.02958,0.02762,0.06219,0.00633,0.00433,0.00125,0.00389,0.00683,0.01645,0.07532,0
1011982,0.00298,0.0001,0.0001,0.0001,0.0001,0.0001,0.0001,0.00298,0.17266,0.0001,0
1011989,0.0061,0.01351,0.0143,0.00242,0.0001,0.0001,0.00484,0.0001,0.0001,0.02297,0
1012179,0.04171,0.02623,0.05489,0.00388,0.01707,0.0001,0.017,0.01103,0.0117,0.0685,0
1012299,0.00974,0.00484,0.01642,0.0001,0.00244,0.0001,0.0001,0.00854,0.00962,0.01517,0
1012300,0.00492,0.0001,0.01241,0.0001,0.0001,0.0001,0.04368,0.0001,0.0001,0.01244,0
1012349,0.01652,0.01396,0.03346,0.01702,0.00185,0.0001,0.00558,0.00355,0.00387,0.02941,0
1012492,0.00324,0.00366,0.00827,0.0001,0.0001,0.0001,0.0001,0.0001,0.0001,0.01194,0
1012571,0.01474,0.01266,0.03063,0.00828,0.00131,0.0001,0.00526,0.00235,0.01428,0.03109,0
1013162,0.0916,0.09933,0.26432,0.00356,0.00379,0.00037,0.03249,0.02652,0.03648,0.30465,0
1013366,0.08475,0.11603,0.2674,0.00741,0.012,0.0005,0.01497,0.02997,0.06212,0.32131,0
1013766,0.0001,0.0001,0.02107,0.0058,0.0001,0.0001,0.0001,0.0001,0.0001,0.01527,0
1014071,0.02403,0.03781,0.08058,0.01191,0.01153,0.0001,0.00798,0.00384,0.03644,0.08195,0
1014303,0.0001,0.0001,0.03877,0.0001,0.00434,0.00432,0.0001,0.0035,0.00953,0.02661,0
1014351,0.11205,0.12028,0.1487,0.00614,0.0001,0.0001,0.00924,0.012,0.01936,0.24773,0
1014402,0.01967,0.02539,0.04889,0.00582,0.0001,0.0001,0.00431,0.0075,0.0138,0.06049,0
1014824,0.03075,0.01642,0.04492,0.0001,0.00359,0.00358,0.00728,0.00336,0.00759,0.06503,0
1015315,0.01669,0.02154,0.05386,0.0001,0.00573,0.00383,0.00956,0.00811,0.01327,0.05774,0
1015847,0.0001,0.0001,0.0001,0.00192,0.0001,0.0001,0.03957,0.0001,0.00192,0.0001,0
1016014,0.0106,0.00987,0.02715,0.00496,0.0001,0.0001,0.0001,0.00324,0.0068,0.02955,0
1016374,0.00287,0.00647,0.01177,0.001,0.001,0.0001,0.04154,0.00322,0.00987,0.01118,0
1016509,0.0048,0.00546,0.01853,0.0001,0.0001,0.0001,0.0001,0.00147,0.00136,0.02252,0
1016545,0.06132,0.03634,0.30003,0.00765,0.00763,0.00343,0.28565,0.02898,0.01195,0.04672,0
1016898,0.02402,0.01669,0.01999,0.02685,0.0001,0.0001,0.00244,0.0074,0.00242,0.00976,0
1016915,0.02258,0.02599,0.04518,0.0001,0.0001,0.0001,0.01478,0.0001,0.00711,0.05639,0
1016928,0.0073,0.01677,0.02501,0.00046,0.00092,0.00142,0.00138,0.00476,0.00719,0.0346,0
1016970,0.02009,0.02334,0.13209,0.00418,0.00529,0.00124,0.01546,0.00733,0.02841,0.12702,0
1017127,0.02841,0.00801,0.00405,0.00199,0.0001,0.0001,0.00399,0.0001,0.0001,0.00396,0
1017138,0.0504,0.04204,0.09151,0.00305,0.00459,0.00152,0.00461,0.00597,0.02065,0.12126,0
1017165,0.0001,0.03777,0.02186,0.0001,0.0001,0.0001,0.03014,0.0001,0.00254,0.02949,0
1017334,0.03035,0.10881,0.18513,0.0001,0.00687,0.0001,0.00458,0.01077,0.00528,0.2763,0
1017399,0.0001,0.0001,0.0001,0.02953,0.0001,0.0001,0.0001,0.0001,0.02953,0.0001,0
1017489,0.0546,0.05412,0.17427,0.0015,0.01373,0.0001,0.01239,0.01071,0.04283,0.18604,0
1017580,0.0001,0.0001,0.02538,0.0001,0.0001,0.00448,0.02329,0.0001,0.00447,0.00208,0
1017637,0.0001,0.00618,0.00816,0.0001,0.0001,0.0001,0.0001,0.0001,0.0001,0.01433,0
1017932,0.02998,0.02279,0.04557,0.01284,0.0001,0.0001,0.03523,0.0001,0.01468,0.04557,0
1018068,0.06525,0.0403,0.10534,0.00482,0.00481,0.0001,0.0001,0.01187,0.02218,0.14842,0
1018616,0.0442,0.08815,0.27769,0.01129,0.00487,0.00568,0.15967,0.02226,0.03444,0.1839,0
1018681,0.05288,0.0571,0.07787,0.00449,0.00598,0.00577,0.00622,0.01456,0.02482,0.10866,0
1018699,0.01866,0.01925,0.01523,0.00057,0.0017,0.0001,0.0001,0.00171,0.00284,0.03107,0
1018851,0.00205,0.00205,0.0072,0.03359,0.0001,0.0001,0.13677,0.0001,0.03352,0.00722,0
1019077,0.0001,0.01781,0.01291,0.0001,0.00854,0.0001,0.01719,0.0001,0.00852,0.01354,0
1019157,0.00898,0.00816,0.0191,0.01371,0.00112,0.00057,0.00056,0.0001,0.00281,0.01381,0
1019470,0.0321,0.04915,0.07118,0.00722,0.0065,0.0001,0.00429,0.0187,0.00575,0.09441,0
1019472,0.04563,0.07048,0.14154,0.00849,0.00281,0.0001,0.00281,0.03097,0.02595,0.17257,0
1019797,0.04167,0.02586,0.11715,0.01046,0.00563,0.00265,0.00829,0.03253,0.03394,0.11318,0
1019829,0.0088,0.01298,0.0195,0.00361,0.0018,0.00045,0.00225,0.00223,0.0055,0.0262,0
1019841,0.02149,0.03854,0.24957,0.10021,0.01243,0.0001,0.00417,0.0279,0.05736,0.16001,0
1019860,0.03625,0.00753,0.03408,0.00372,0.0001,0.0001,0.00533,0.01145,0.0048,0.05354,0
1020173,0.01851,0.01961,0.05299,0.00995,0.00496,0.0001,0.01546,0.00644,0.0229,0.0497,0
1020342,0.01773,0.02333,0.06315,0.00351,0.00351,0.0001,0.01064,0.01645,0.03888,0.04761,0
1020388,0.01637,0.04052,0.069,0.00825,0.0154,0.0001,0.00773,0.00623,0.00937,0.0879,0
1020406,0.00745,0.01057,0.01705,0.00117,0.0001,0.0001,0.00117,0.0001,0.00371,0.02391,0
1020497,0.02026,0.01493,0.04331,0.0001,0.0001,0.0001,0.0001,0.00825,0.0001,0.05532,0
1020514,0.01205,0.02654,0.04954,0.00221,0.0011,0.00109,0.00222,0.00823,0.01197,0.06412,0
1020717,0.00907,0.00627,0.02676,0.0001,0.00268,0.0001,0.01193,0.00539,0.00266,0.01851,0
1021076,0.00936,0.00935,0.04559,0.00159,0.00348,0.00146,0.00739,0.01336,0.00508,0.03421,0
1021142,0.11138,0.09527,0.25458,0.00573,0.00916,0.00109,0.00835,0.01901,0.04009,0.32586,0
1021236,0.02576,0.02812,0.04494,0.00604,0.0001,0.0001,0.00604,0.01461,0.01923,0.05241,0
1021276,0.00392,0.0059,0.00692,0.03419,0.0001,0.0001,0.0001,0.0001,0.03419,0.00691,0
1021354,0.05467,0.02426,0.04801,0.00525,0.0001,0.0001,0.0001,0.01531,0.01207,0.08211,0
1021630,0.01438,0.02986,0.02469,0.0001,0.0001,0.0001,0.0001,0.0001,0.00653,0.04802,0
1021756,0.00812,0.00404,0.0012,0.00405,0.0001,0.0001,0.0001,0.0001,0.0001,0.00289,0
1021872,0.01681,0.01732,0.055,0.00395,0.00793,0.00098,0.00099,0.00576,0.01559,0.05674,0
1021987,0.01152,0.00808,0.02651,0.00533,0.00266,0.00529,0.0001,0.0001,0.0001,0.02741,0
1022106,0.00351,0.00942,0.04388,0.00369,0.0001,0.00096,0.0001,0.0024,0.0111,0.0422,0
1022107,0.03533,0.02506,0.05887,0.00366,0.00762,0.0001,0.00448,0.00606,0.01706,0.07714,0
1022226,0.01889,0.01807,0.0777,0.00533,0.0001,0.00116,0.00237,0.02685,0.02492,0.06325,0
1022234,0.06534,0.02444,0.16377,0.0001,0.0001,0.0001,0.0001,0.02076,0.02152,0.20759,0
1022712,0.04216,0.06675,0.10938,0.01205,0.004,0.00213,0.00383,0.01829,0.02071,0.14366,0
1023107,0.08002,0.12946,0.1789,0.00894,0.01175,0.0001,0.00303,0.03217,0.02137,0.26443,0
1023706,0.00571,0.01433,0.06675,0.00752,0.0001,0.00375,0.00379,0.00432,0.01464,0.0655,0
1023854,0.01678,0.01529,0.04827,0.00789,0.00078,0.0001,0.00155,0.00747,0.01073,0.04969,0
1023897,0.02542,0.0207,0.14214,0.00316,0.0001,0.00299,0.03625,0.01318,0.0273,0.11814,0
1023904,0.02614,0.0001,0.07195,0.00326,0.00325,0.0001,0.0001,0.00933,0.00724,0.0855,0
1024194,0.02015,0.016,0.08454,0.00095,0.00461,0.00092,0.0019,0.00693,0.01468,0.09001,0
1024270,0.02152,0.03806,0.0856,0.00823,0.00873,0.0001,0.01052,0.01524,0.02022,0.0979,0
1024352,0.07793,0.1092,0.19194,0.00595,0.0001,0.0001,0.00596,0.03211,0.0447,0.25645,0
1024362,0.02572,0.02392,0.12295,0.07394,0.00836,0.01094,0.04714,0.02161,0.02223,0.04218,0
1024389,0.03609,0.04954,0.06423,0.00652,0.00295,0.0001,0.00178,0.01075,0.01981,0.09397,0
1024427,0.00764,0.01705,0.03194,0.0001,0.00459,0.0001,0.00354,0.00251,0.00839,0.0406,0
1024606,0.03251,0.03724,0.09474,0.02179,0.00311,0.0001,0.00322,0.00906,0.03361,0.09838,0
1024726,0.0001,0.00165,0.00158,0.00494,0.0001,0.0001,0.0001,0.0001,0.01831,0.0001,0
1024763,0.09452,0.10167,0.03363,0.0001,0.00643,0.00632,0.01312,0.01874,0.00736,0.10345,0
1024981,0.02008,0.03428,0.0693,0.0001,0.00477,0.0001,0.08962,0.0001,0.00712,0.01396,0
1025054,0.04277,0.03576,0.13328,0.0001,0.01754,0.0001,0.03609,0.00839,0.05706,0.11899,0
1026000,0.00231,0.00469,0.0001,0.01183,0.0001,0.0001,0.0001,0.00234,0.01651,0.01172,0
1026103,0.02637,0.0433,0.07519,0.00747,0.00747,0.0001,0.00459,0.0001,0.0151,0.10338,0
1026215,0.03694,0.04873,0.07213,0.05015,0.0001,0.00213,0.00435,0.02456,0.01191,0.04402,0
1026365,0.02198,0.00491,0.06026,0.00426,0.00425,0.0001,0.00766,0.00914,0.01984,0.06241,0
1026946,0.0001,0.0001,0.01753,0.0001,0.0001,0.0001,0.01039,0.0001,0.0001,0.00714,0
1026977,0.01836,0.00802,0.06799,0.00435,0.0001,0.0001,0.00436,0.00716,0.00818,0.07484,0
1027012,0.0058,0.00142,0.0029,0.0001,0.0001,0.0001,0.0001,0.0001,0.00288,0.00582,0
1027206,0.15775,0.0381,0.14286,0.0001,0.0001,0.0001,0.00575,0.0022,0.03962,0.261,0
1027394,0.03319,0.035,0.04733,0.00626,0.0001,0.00312,0.00945,0.00408,0.01814,0.0642,0
1027791,0.07538,0.09393,0.13834,0.00559,0.0069,0.00721,0.01263,0.02236,0.02002,0.1958,0
1027806,0.0307,0.02706,0.1247,0.00139,0.00139,0.0001,0.0001,0.00135,0.0324,0.123,0
1028174,0.00537,0.00566,0.05293,0.0001,0.0001,0.0001,0.01993,0.0033,0.00593,0.03535,0
1028193,0.05417,0.04656,0.15642,0.00467,0.0001,0.0001,0.01401,0.04479,0.05884,0.15176,0
1028294,0.01109,0.01463,0.02284,0.0001,0.0028,0.0001,0.00319,0.00495,0.00699,0.02934,0
1028306,0.00287,0.00573,0.00144,0.0001,0.0001,0.0001,0.0001,0.0001,0.0001,0.00717,0
1028378,0.0001,0.00739,0.01524,0.0001,0.0001,0.0001,0.00767,0.00367,0.0001,0.01129,0
1028571,0.01136,0.02642,0.04746,0.00279,0.00111,0.0001,0.00335,0.00688,0.01239,0.06149,0
1028800,0.00295,0.02031,0.04851,0.01874,0.0001,0.0001,0.00853,0.00416,0.02752,0.0413,0
1028944,0.01681,0.00984,0.01349,0.00245,0.0001,0.00158,0.00332,0.0001,0.04703,0.0135,0
1029289,0.00228,0.01207,0.01428,0.01566,0.0001,0.0001,0.0001,0.0001,0.00142,0.01068,0
1029473,0.0001,0.0001,0.0105,0.00365,0.00347,0.0001,0.0001,0.0001,0.00346,0.00685,0
1029643,0.04047,0.03227,0.06611,0.01099,0.00555,0.0001,0.00371,0.01379,0.01041,0.08181,0
1029924,0.01372,0.01393,0.03221,0.00163,0.0001,0.0001,0.00702,0.00183,0.00942,0.03672,0
1030062,0.02563,0.02191,0.05705,0.00124,0.00249,0.0001,0.0583,0.00383,0.00757,0.02055,0
1030218,0.03326,0.02336,0.12921,0.00214,0.01102,0.0036,0.0001,0.01832,0.06902,0.09345,0
1030936,0.08081,0.05863,0.15597,0.00664,0.00325,0.0001,0.07166,0.03745,0.05085,0.12766,0
1030957,0.06043,0.08026,0.11734,0.00941,0.00466,0.0001,0.09577,0.02292,0.02084,0.07891,0
1030997,0.02189,0.03638,0.02971,0.0001,0.0001,0.00133,0.00266,0.00297,0.00777,0.05832,0
1031205,0.01451,0.00385,0.00818,0.00095,0.00095,0.0001,0.00237,0.00118,0.00119,0.01915,0
1031818,0.0192,0.02332,0.11808,0.00288,0.00048,0.00334,0.0015,0.00412,0.01643,0.12498,0
1031917,0.00254,0.02532,0.0108,0.01293,0.01167,0.01895,0.00208,0.00027,0.00145,0.00396,0
1032123,0.01655,0.00835,0.01498,0.00073,0.00219,0.00074,0.00439,0.00359,0.00891,0.02262,0
1032315,0.0264,0.01657,0.02359,0.0001,0.00185,0.0001,0.00175,0.00194,0.00084,0.04619,0
1032760,0.00408,0.0001,0.01143,0.04028,0.0001,0.00228,0.01418,0.0001,0.01833,0.01142,0
1033257,0.01555,0.02201,0.05496,0.01362,0.00645,0.0001,0.00847,0.0043,0.03198,0.04499,0
1033267,0.001,0.001,0.001,0.001,0.001,0.001,0.001,0.001,0.001,0.001,0
1033481,0.03247,0.04338,0.09345,0.0001,0.00515,0.0001,0.01566,0.00103,0.04726,0.08957,0
1033745,0.00657,0.00217,0.00436,0.0001,0.0001,0.0001,0.00436,0.0001,0.0001,0.00657,0
1033755,0.04634,0.08761,0.09636,0.0001,0.003,0.00299,0.00299,0.00336,0.0283,0.15567,0
1034151,0.04718,0.03419,0.12824,0.00259,0.0001,0.0001,0.0123,0.01718,0.03357,0.14184,0
1034252,0.06434,0.00653,0.0466,0.0001,0.0001,0.0001,0.00561,0.02208,0.01869,0.08325,0
1034292,0.01886,0.00302,0.01949,0.0001,0.0001,0.0001,0.0001,0.0001,0.00656,0.03179,0
1034435,0.0183,0.05459,0.02125,0.00034,0.00103,0.00057,0.02959,0.00135,0.01728,0.04491,0
1034674,0.01825,0.01619,0.05364,0.01367,0.00302,0.0016,0.0036,0.00743,0.02234,0.04918,0
1034722,0.019,0.01592,0.01698,0.00284,0.00284,0.0001,0.00284,0.0001,0.0057,0.03029,0
1034783,0.00139,0.01493,0.01124,0.00436,0.0001,0.0001,0.01606,0.0013,0.00456,0.00881,0
1034825,0.03,0.02163,0.0706,0.00841,0.00537,0.00635,0.00989,0.01953,0.02149,0.06631,0
1034877,0.00352,0.00527,0.01709,0.0001,0.0001,0.0001,0.00394,0.0001,0.0001,0.01841,0
1034878,0.00422,0.00734,0.02276,0.00282,0.0001,0.0001,0.0001,0.00849,0.0001,0.01879,0
1034931,0.0001,0.00707,0.0112,0.0001,0.0001,0.0001,0.0001,0.0001,0.0001,0.01827,0
1034939,0.07807,0.05546,0.17845,0.0001,0.00555,0.0001,0.0001,0.03255,0.03455,0.21841,0
1035193,0.04103,0.03398,0.05704,0.00381,0.00511,0.0001,0.00381,0.00283,0.00663,0.09014,0
1035329,0.02303,0.0203,0.079,0.00634,0.00518,0.00264,0.00123,0.02181,0.02594,0.07123,0
1035432,0.08275,0.04121,0.09802,0.00664,0.01009,0.00327,0.01006,0.02461,0.05571,0.12506,0
1036280,0.0001,0.00643,0.0097,0.0001,0.00641,0.0001,0.0001,0.0001,0.01292,0.0032,0
1036360,0.00647,0.00515,0.02293,0.00127,0.0038,0.0001,0.00277,0.00339,0.00168,0.02221,0
1036445,0.11105,0.14326,0.11705,0.0001,0.00318,0.0001,0.01005,0.00023,0.04256,0.21775,0
1036928,0.00449,0.0001,0.01049,0.0001,0.00225,0.0001,0.0001,0.0062,0.09825,0.01049,0
1036981,0.01373,0.00682,0.02864,0.0018,0.0018,0.0001,0.0018,0.0001,0.0164,0.02597,0
1037065,0.0001,0.0001,0.00706,0.04188,0.0001,0.0001,0.0047,0.0001,0.00629,0.00706,0
1037207,0.00168,0.00693,0.02326,0.01366,0.0001,0.0001,0.00323,0.00214,0.02402,0.00617,0
1037297,0.0001,0.0121,0.03373,0.0001,0.0001,0.00584,0.0001,0.0001,0.01805,0.02778,0
1037667,0.0001,0.01182,0.0001,0.2017,0.0001,0.0001,0.20497,0.0001,0.0001,0.0001,0
1037830,0.05831,0.05517,0.14238,0.00658,0.00704,0.0001,0.02669,0.01836,0.0173,0.15563,0
1039322,0.01505,0.0001,0.0315,0.00752,0.0001,0.03918,0.0001,0.0001,0.0001,0.0315,0
1039413,0.01709,0.02172,0.01515,0.002,0.00201,0.0001,0.04203,0.00605,0.00803,0.01514,0
1039549,0.04665,0.04046,0.09255,0.00399,0.0001,0.0001,0.00398,0.01812,0.01861,0.1171,0
1039927,0.0051,0.01559,0.01705,0.11357,0.0001,0.0001,0.00939,0.0001,0.11853,0.01706,0
1040389,0.01933,0.03144,0.05456,0.00193,0.00285,0.0001,0.04169,0.00617,0.0112,0.03813,0
1040472,0.08957,0.06555,0.13863,0.00544,0.00237,0.00286,0.00735,0.0145,0.04449,0.18372,0
1040870,0.01454,0.02075,0.03648,0.03035,0.0021,0.0001,0.00188,0.00741,0.01012,0.01948,0
1041685,0.00531,0.00526,0.03297,0.00163,0.00109,0.0001,0.03247,0.00242,0.00529,0.00339,0
1042013,0.01048,0.01788,0.01852,0.0001,0.0001,0.0001,0.0126,0.0001,0.00833,0.0238,0
1042103,0.07562,0.14831,0.09719,0.0001,0.033,0.0001,0.08878,0.01798,0.00798,0.13873,0
1042176,0.02027,0.02097,0.05463,0.002,0.00703,0.00111,0.00104,0.00942,0.00658,0.05803,0
1042195,0.01241,0.0001,0.01385,0.00499,0.0001,0.0001,0.0001,0.00996,0.00494,0.01132,0
1043046,0.02807,0.03828,0.08179,0.02688,0.00722,0.0001,0.00961,0.01313,0.02154,0.08007,0
1043123,0.00259,0.00934,0.01675,0.01063,0.00116,0.0001,0.00349,0.00232,0.00116,0.01314,0
1043560,0.0441,0.02018,0.12026,0.00586,0.0001,0.00301,0.10572,0.01643,0.02603,0.04222,0
298024,0.0001,0.0001,0.02223,0.0001,0.0001,0.0001,0.0001,0.0001,0.0001,0.02223,0
300366,0.00218,0.00217,0.00437,0.06187,0.00217,0.0001,0.0001,0.0001,0.0001,0.00433,0
302267,0.12139,0.17462,0.16964,0.00675,0.00296,0.00139,0.00574,0.03728,0.0503,0.29396,0
303017,0.01132,0.00763,0.03416,0.0001,0.00522,0.00104,0.00418,0.00227,0.00487,0.03695,0
304803,0.02047,0.0001,0.02353,0.00507,0.0001,0.0001,0.0001,0.02074,0.00507,0.01819,0
307058,0.06479,0.17525,0.18951,0.00795,0.0001,0.0001,0.01593,0.02224,0.0275,0.32659,0
308129,0.03626,0.0452,0.16542,0.00986,0.00315,0.0001,0.0001,0.00482,0.01151,0.19594,0
308904,0.02954,0.04942,0.12578,0.08012,0.00769,0.00218,0.00252,0.00125,0.10414,0.07106,0
309286,0.02315,0.01499,0.01804,0.0001,0.00617,0.00591,0.00589,0.01438,0.00934,0.01473,0
310286,0.01013,0.0001,0.01597,0.0001,0.0001,0.0001,0.0001,0.0001,0.0001,0.0261,0
311937,0.02246,0.0232,0.03451,0.00244,0.00158,0.00102,0.00206,0.00395,0.00512,0.05029,0
311939,0.04386,0.0554,0.08678,0.01025,0.00175,0.00292,0.00555,0.00863,0.04786,0.09431,0
312035,0.03421,0.02708,0.04749,0.00554,0.00511,0.00235,0.00248,0.00839,0.00868,0.06542,0
312251,0.04519,0.05641,0.15546,0.01022,0.00329,0.00209,0.00434,0.02892,0.02024,0.17064,0
312264,0.18059,0.15186,0.38731,0.07935,0.01342,0.00237,0.01469,0.03696,0.0569,0.44921,0
312335,0.03982,0.04156,0.07763,0.00247,0.00321,0.0001,0.0008,0.01185,0.03042,0.08878,0
312382,0.00633,0.00793,0.02723,0.00084,0.00172,0.02394,0.01736,0.00236,0.00193,0.00713,0
312415,0.02434,0.08682,0.06926,0.0012,0.00053,0.0001,0.07497,0.00332,0.01011,0.07778,0
312422,0.00434,0.00257,0.00522,0.0001,0.00086,0.0001,0.00356,0.0001,0.00432,0.00524,0
312479,0.04363,0.01592,0.05698,0.00271,0.01088,0.0001,0.00271,0.00122,0.00697,0.08851,0
312482,0.03043,0.03173,0.03853,0.00091,0.0001,0.0001,0.0001,0.00293,0.00255,0.06642,0
312526,0.036,0.05764,0.15585,0.00752,0.00659,0.0046,0.00667,0.01403,0.01655,0.18734,0
312791,0.01971,0.03381,0.04096,0.0001,0.0054,0.0001,0.00432,0.00502,0.00362,0.06434,0
312840,0.00928,0.00965,0.02828,0.00333,0.00218,0.0001,0.00109,0.00617,0.00742,0.02843,0
313186,0.00685,0.02313,0.02192,0.0001,0.00146,0.0001,0.00291,0.00634,0.01448,0.03058,0
313321,0.01276,0.01181,0.02692,0.00143,0.00518,0.0001,0.0001,0.00424,0.00482,0.03025,0
314774,0.03095,0.02944,0.12116,0.00383,0.0019,0.00221,0.00574,0.03297,0.00943,0.11309,0
316054,0.01996,0.03735,0.03234,0.00454,0.00697,0.00239,0.00661,0.0112,0.01966,0.04913,0
316390,0.03384,0.04689,0.20811,0.01154,0.00695,0.00228,0.0001,0.02762,0.03778,0.21357,0
316858,0.09995,0.10787,0.17684,0.00496,0.00248,0.00517,0.01262,0.01439,0.04534,0.23937,0
316992,0.1043,0.04613,0.44439,0.01996,0.0001,0.01162,0.02221,0.03486,0.03488,0.48226,0
317930,0.0062,0.01343,0.07726,0.00312,0.0001,0.0001,0.00311,0.00829,0.00428,0.07928,0
318962,0.0001,0.00311,0.00599,0.0001,0.0001,0.0001,0.02539,0.00624,0.00311,0.00025,0
319153,0.02137,0.01111,0.03431,0.0001,0.0001,0.0001,0.00617,0.00649,0.02868,0.027,0
320231,0.0209,0.00943,0.07049,0.00336,0.00998,0.0001,0.01333,0.00914,0.01755,0.06893,0
320867,0.08169,0.03027,0.27386,0.0001,0.0182,0.0001,0.00577,0.06426,0.11289,0.24266,0
321888,0.01554,0.0001,0.03717,0.0001,0.00382,0.00383,0.0001,0.01319,0.01834,0.03186,0
323054,0.2347,0.15555,0.49716,0.00872,0.00434,0.0001,0.13568,0.08519,0.06513,0.511,0
331512,0.21556,0.00792,0.17979,0.0001,0.0001,0.0001,0.02192,0.07028,0.04785,0.30315,0
333782,0.02631,0.0144,0.05103,0.0001,0.01007,0.0001,0.0001,0.0001,0.0001,0.06728,0
362017,0.0148,0.03738,0.07161,0.00344,0.00345,0.0001,0.00691,0.01344,0.01473,0.08864,0
574291,0.02859,0.02333,0.08566,0.00846,0.0001,0.0001,0.00323,0.01294,0.01286,0.09285,0
574371,0.02742,0.01586,0.06417,0.00441,0.0044,0.0001,0.00892,0.00693,0.00642,0.07574,0
575097,0.029,0.0215,0.07436,0.0001,0.00558,0.0001,0.03407,0.02094,0.01253,0.04834,0
575102,0.00194,0.0001,0.01518,0.01068,0.00388,0.0001,0.0001,0.00244,0.01303,0.00399,0
575116,0.03689,0.03578,0.09068,0.00255,0.0001,0.0001,0.0103,0.02176,0.0221,0.09552,0
575124,0.06043,0.03701,0.0669,0.00223,0.00445,0.00103,0.00581,0.01338,0.00721,0.10814,0
580586,0.00612,0.00792,0.03248,0.00142,0.0001,0.0001,0.0001,0.00176,0.01115,0.02924,0
580706,0.02152,0.02136,0.06012,0.00424,0.00208,0.0001,0.01272,0.0001,0.01047,0.06891,0
580846,0.02061,0.01408,0.02795,0.00187,0.00374,0.0001,0.00562,0.00899,0.01184,0.03396,0
581617,0.03394,0.02657,0.06155,0.00457,0.00456,0.0001,0.0001,0.01195,0.02134,0.07414,0
582240,0.02813,0.02573,0.02693,0.0001,0.0001,0.0001,0.0001,0.01013,0.01294,0.04211,0
582283,0.01726,0.00731,0.01216,0.0001,0.0001,0.0001,0.0001,0.0001,0.0021,0.02731,0
582948,0.03594,0.04743,0.05319,0.0001,0.00191,0.0001,0.00766,0.00593,0.00389,0.08704,0
583853,0.01021,0.01844,0.05877,0.00319,0.00955,0.00317,0.0001,0.00625,0.01961,0.0576,0
584493,0.03456,0.04301,0.06891,0.03575,0.003,0.0001,0.00327,0.01254,0.0167,0.06363,0
584518,0.00907,0.00854,0.00626,0.0001,0.0001,0.0001,0.0001,0.0001,0.0009,0.01442,0
584546,0.0001,0.01569,0.02123,0.0001,0.00217,0.0001,0.0001,0.0001,0.00217,0.03475,0
585218,0.01509,0.02862,0.05385,0.0001,0.00607,0.0001,0.23049,0.0001,0.00607,0.02813,0
585579,0.04152,0.04581,0.09645,0.00879,0.00264,0.0001,0.00092,0.00657,0.05912,0.08314,0
586069,0.0447,0.03768,0.08931,0.0001,0.00393,0.0001,0.03256,0.01518,0.03225,0.08627,0
587075,0.06173,0.05964,0.14011,0.00856,0.00541,0.0001,0.01205,0.02624,0.06628,0.13555,0
589899,0.0511,0.09211,0.07769,0.00396,0.00395,0.0001,0.01195,0.01757,0.01898,0.14027,0
597892,0.05244,0.087,0.05098,0.00789,0.0001,0.0001,0.00226,0.00593,0.01841,0.11956,0
598421,0.0131,0.00376,0.02118,0.0001,0.0001,0.0001,0.0001,0.0001,0.0001,0.03428,0
600051,0.01716,0.02243,0.10802,0.04158,0.01087,0.0001,0.00509,0.01099,0.05432,0.07613,0
600056,0.01954,0.02396,0.01046,0.00443,0.00143,0.0001,0.00143,0.00141,0.00749,0.02693,0
602803,0.01858,0.08062,0.01905,0.00113,0.0001,0.00113,0.00568,0.00358,0.00324,0.09041,0
603657,0.0047,0.04211,0.00123,0.0001,0.0001,0.0001,0.0001,0.0001,0.00308,0.04027,0
603719,0.0001,0.00196,0.00491,0.0001,0.0001,0.00196,0.0001,0.00196,0.00589,0.00492,0
603771,0.01471,0.01486,0.01825,0.00216,0.00162,0.00054,0.00402,0.00282,0.00587,0.02628,0
603843,0.03256,0.0001,0.06331,0.02356,0.0001,0.00763,0.0001,0.01479,0.01241,0.04988,0
604469,0.05169,0.02921,0.09686,0.0027,0.00403,0.00134,0.00951,0.00793,0.00948,0.13111,0
604470,0.04874,0.02385,0.07362,0.00669,0.0001,0.00267,0.00132,0.00834,0.00633,0.10467,0
604655,0.02004,0.01925,0.06906,0.00235,0.00574,0.00111,0.02109,0.00756,0.02105,0.06045,0
604852,0.01941,0.02096,0.03242,0.0001,0.00209,0.0001,0.00209,0.00288,0.01191,0.04147,0
611311,0.00488,0.0001,0.01734,0.05802,0.0001,0.0001,0.0001,0.00479,0.06385,0.01734,0
611327,0.00778,0.01159,0.018,0.0001,0.0001,0.0001,0.0001,0.00402,0.00758,0.02201,0
611386,0.01666,0.01058,0.02556,0.0001,0.0001,0.0001,0.00466,0.0001,0.00467,0.03755,0
613097,0.09891,0.05617,0.09874,0.00772,0.00655,0.0001,0.00989,0.02305,0.02059,0.16471,0
613216,0.06319,0.13092,0.08361,0.00949,0.0001,0.0001,0.00631,0.03464,0.02672,0.17039,0
618014,0.00243,0.00488,0.0094,0.0001,0.0001,0.0001,0.07277,0.0001,0.00245,0.00791,0
625478,0.01804,0.01787,0.09844,0.00553,0.00486,0.00072,0.0077,0.02485,0.01329,0.08392,0
626025,0.03095,0.04339,0.05536,0.00207,0.00414,0.00402,0.00219,0.00566,0.01537,0.08338,0
628759,0.02171,0.04648,0.0882,0.00087,0.00087,0.00259,0.00091,0.00674,0.01185,0.12283,0
637887,0.00041,0.00198,0.00496,0.00557,0.0001,0.0001,0.00439,0.0001,0.0001,0.00137,0
638428,0.0173,0.02413,0.05197,0.00168,0.00086,0.00074,0.00267,0.00152,0.00923,0.06686,0
638985,0.01116,0.02527,0.109,0.09817,0.0001,0.0001,0.0001,0.00371,0.01205,0.0324,0
644256,0.0001,0.01558,0.01752,0.00242,0.01215,0.00242,0.0022,0.00661,0.0111,0.01191,0
644298,0.02445,0.0001,0.07259,0.0535,0.00218,0.0001,0.00218,0.0064,0.00683,0.03714,0
646024,0.00819,0.01956,0.03021,0.0001,0.00382,0.0001,0.0001,0.02267,0.00535,0.02327,0
648948,0.03627,0.0229,0.05558,0.00244,0.00466,0.00152,0.05189,0.01135,0.00708,0.02861,0
649330,0.00123,0.0001,0.00498,0.0358,0.0001,0.0001,0.05342,0.00123,0.0001,0.00487,0
650229,0.04127,0.04125,0.13668,0.00192,0.00576,0.00244,0.01144,0.00344,0.02678,0.15116,0
653346,0.0001,0.0001,0.01654,0.0001,0.00173,0.0001,0.00174,0.0001,0.01007,0.00647,0
653349,0.00719,0.00602,0.0141,0.0076,0.0001,0.0001,0.0001,0.00179,0.00589,0.0119,0
653856,0.0001,0.0001,0.00052,0.0001,0.0001,0.0001,0.0001,0.0001,0.0001,0.00052,0
653857,0.01031,0.02145,0.04088,0.00067,0.0001,0.00133,0.00139,0.01041,0.01002,0.04992,0
653902,0.03157,0.02234,0.07446,0.0051,0.00649,0.00083,0.00344,0.01412,0.02601,0.08003,0
654466,0.03692,0.04422,0.05908,0.01027,0.00347,0.0001,0.0001,0.0213,0.00974,0.07174,0
657380,0.01702,0.01039,0.01896,0.0102,0.0001,0.0001,0.09956,0.0001,0.0001,0.01896,0
657402,0.00652,0.01742,0.03198,0.00096,0.00048,0.01348,0.03949,0.0001,0.00198,0.00991,0
657601,0.0196,0.01884,0.03116,0.0001,0.00165,0.0001,0.00331,0.00502,0.00498,0.04242,0
657983,0.03944,0.06368,0.03564,0.01074,0.0001,0.0001,0.0001,0.0059,0.00476,0.08268,0
661709,0.00558,0.00724,0.03592,0.0001,0.0001,0.0001,0.0001,0.00292,0.0001,0.04023,0
661733,0.02645,0.04373,0.02944,0.00491,0.00245,0.0001,0.00246,0.0069,0.01301,0.06016,0
665896,0.00294,0.01183,0.01957,0.0001,0.0001,0.0001,0.09357,0.0001,0.00296,0.01957,0
666068,0.03335,0.01085,0.0735,0.01001,0.00499,0.0001,0.04027,0.008,0.01762,0.05858,0
670148,0.0054,0.0296,0.11369,0.0436,0.0001,0.0037,0.12551,0.0001,0.13288,0.01041,0
670155,0.01165,0.01155,0.05178,0.04073,0.00263,0.0001,0.0001,0.0058,0.03761,0.0169,0
673525,0.00992,0.0001,0.01853,0.0001,0.0001,0.0001,0.00711,0.0001,0.0001,0.02135,0
674209,0.01231,0.02878,0.06835,0.00351,0.0001,0.0001,0.08359,0.0035,0.00354,0.01005,0
674300,0.04871,0.02914,0.016,0.01441,0.0001,0.0001,0.00368,0.01064,0.05087,0.01384,0
678190,0.15086,0.10337,0.01754,0.00321,0.003,0.0001,0.003,0.00908,0.00713,0.15612,0
678194,0.03873,0.03765,0.06858,0.00697,0.00265,0.0029,0.01836,0.0129,0.03227,0.07503,0
680549,0.01197,0.07197,0.00881,0.00115,0.00139,0.0001,0.04747,0.00255,0.00379,0.03077,0
684570,0.0226,0.0234,0.10808,0.00265,0.00803,0.0001,0.11514,0.01135,0.01275,0.00498,0
685139,0.02788,0.0238,0.06286,0.00152,0.00145,0.00087,0.03152,0.00548,0.0044,0.05374,0
685462,0.01194,0.0204,0.05559,0.0001,0.0001,0.0001,0.0671,0.00858,0.0001,0.00032,0
687821,0.02182,0.03065,0.09343,0.00858,0.00286,0.00282,0.0001,0.00602,0.02303,0.10105,0
690196,0.02662,0.05301,0.05312,0.00353,0.00298,0.00319,0.00936,0.01347,0.01793,0.08329,0
690311,0.0001,0.00321,0.03298,0.00321,0.00321,0.0001,0.00321,0.00321,0.0001,0.03298,0
691234,0.06547,0.12924,0.13433,0.05516,0.11115,0.0001,0.04621,0.00152,0.04502,0.15089,0
691685,0.07592,0.05459,0.17325,0.07225,0.01741,0.01718,0.02057,0.01166,0.10126,0.1479,0
693427,0.05889,0.0563,0.13042,0.00361,0.00219,0.0001,0.08236,0.0288,0.02091,0.07815,0
695193,0.01208,0.00152,0.01936,0.0001,0.00139,0.0001,0.01932,0.00242,0.00388,0.00971,0
695546,0.03573,0.04233,0.04251,0.00237,0.00553,0.001,0.13184,0.01134,0.02282,0.08079,0
695711,0.11699,0.07961,0.14898,0.00774,0.00361,0.00478,0.00618,0.02438,0.04355,0.22243,0
695743,0.02489,0.01508,0.02546,0.00385,0.00778,0.0001,0.0001,0.0001,0.0001,0.04257,0
695763,0.00304,0.0001,0.0001,0.02196,0.0001,0.0001,0.0001,0.0001,0.02196,0.0001,0
700018,0.04336,0.07896,0.01484,0.0001,0.01514,0.0001,0.01705,0.00694,0.00776,0.06981,0
700359,0.05001,0.03293,0.04864,0.01616,0.00482,0.0001,0.00262,0.00452,0.02073,0.07793,0
700409,0.05907,0.06095,0.109,0.00564,0.00562,0.0001,0.00283,0.02216,0.02982,0.14013,0
701567,0.01334,0.01628,0.01668,0.0001,0.0043,0.0001,0.0001,0.0001,0.00426,0.02866,0
702163,0.03089,0.00425,0.00783,0.0001,0.0291,0.0001,0.002,0.00214,0.00692,0.00748,0
704236,0.06173,0.05143,0.0219,0.00504,0.00252,0.0001,0.00251,0.0001,0.00758,0.07605,0
707120,0.02849,0.00464,0.03634,0.00712,0.00195,0.0001,0.00199,0.00821,0.0375,0.02733,0
707131,0.02521,0.02196,0.03948,0.00255,0.00255,0.0001,0.00258,0.00484,0.02672,0.03797,0
712785,0.00949,0.00369,0.05577,0.0424,0.00336,0.0001,0.01156,0.00317,0.04448,0.0197,0
712853,0.01246,0.01513,0.01562,0.00182,0.00753,0.0001,0.00182,0.0001,0.01347,0.01728,0
716261,0.0352,0.02393,0.03006,0.00556,0.00278,0.0001,0.0001,0.01993,0.00336,0.03976,0
717931,0.01658,0.02882,0.0825,0.00274,0.00273,0.00286,0.0081,0.01462,0.0001,0.0886,0
718466,0.01001,0.01226,0.02553,0.00096,0.0024,0.0001,0.00288,0.00259,0.00513,0.03231,0
718542,0.01549,0.0127,0.11551,0.00258,0.0001,0.0001,0.00793,0.0001,0.02135,0.10965,0
718587,0.01797,0.0055,0.02163,0.00211,0.0001,0.0001,0.0001,0.00394,0.0024,0.03355,0
721530,0.02559,0.02671,0.07537,0.0001,0.00218,0.00171,0.00264,0.01663,0.01536,0.08155,0
721839,0.03,0.05177,0.08966,0.0001,0.0019,0.00188,0.00192,0.00487,0.03323,0.1082,0
726015,0.00978,0.00624,0.04754,0.01632,0.00314,0.0001,0.00631,0.0001,0.00314,0.041,0
726457,0.00656,0.01841,0.03559,0.0001,0.00243,0.0001,0.00121,0.00226,0.00433,0.04932,0
726596,0.02476,0.03432,0.0273,0.00382,0.0001,0.0001,0.0001,0.0001,0.0001,0.0578,0
726827,0.00307,0.00887,0.04409,0.0001,0.00165,0.00083,0.02297,0.00232,0.00768,0.02767,0
729125,0.04271,0.03091,0.07312,0.00369,0.0001,0.0001,0.01107,0.01554,0.00704,0.08921,0
731121,0.00494,0.02038,0.01893,0.00412,0.0001,0.00449,0.00168,0.0001,0.01703,0.02228,0
732092,0.07135,0.05939,0.08186,0.0001,0.0001,0.0001,0.0064,0.00473,0.02131,0.13189,0
736823,0.15468,0.03863,0.07293,0.00654,0.00685,0.00212,0.00621,0.02305,0.01516,0.19559,0
738094,0.02283,0.01753,0.03294,0.0001,0.0065,0.0001,0.00433,0.00667,0.01076,0.04261,0
739516,0.001,0.001,0.001,0.001,0.001,0.001,0.001,0.001,0.001,0.001,0
739670,0.01174,0.03093,0.02935,0.0001,0.03542,0.0001,0.03797,0.00224,0.0001,0.02007,0
739677,0.00585,0.00584,0.01265,0.02584,0.0039,0.0001,0.0001,0.00768,0.03444,0.01264,0
739678,0.02498,0.01651,0.06897,0.0001,0.00352,0.0001,0.0001,0.0036,0.00345,0.08684,0
741327,0.02886,0.02878,0.07815,0.0001,0.0001,0.0001,0.00603,0.0143,0.0131,0.08668,0
741693,0.0336,0.04642,0.07905,0.0001,0.0001,0.00237,0.0046,0.01325,0.02803,0.09745,0
744619,0.04928,0.1022,0.12613,0.01502,0.02245,0.00469,0.00769,0.01791,0.03906,0.18329,0
745941,0.01774,0.00806,0.04083,0.0001,0.00259,0.0001,0.01761,0.00967,0.01063,0.0313,0
746262,0.04859,0.06045,0.07663,0.0001,0.0001,0.0001,0.0001,0.00803,0.00804,0.12904,0
746321,0.00976,0.0001,0.01161,0.0001,0.0001,0.0001,0.0475,0.00661,0.00323,0.01163,0
746367,0.10829,0.06484,0.41243,0.01778,0.00706,0.0001,0.00704,0.08887,0.06474,0.41407,0
750052,0.02522,0.02829,0.05761,0.0001,0.00632,0.00633,0.0001,0.01176,0.01441,0.0615,0
751685,0.01212,0.07018,0.01785,0.0001,0.00131,0.0001,0.01319,0.00234,0.00554,0.01785,0
751692,0.02441,0.02433,0.0671,0.00199,0.03009,0.00839,0.01152,0.01,0.00896,0.04304,0
751964,0.02175,0.02313,0.07199,0.00762,0.00524,0.0001,0.00235,0.01126,0.0289,0.06622,0
752457,0.10106,0.10058,0.42456,0.09247,0.00684,0.0001,0.01732,0.0001,0.0502,0.43315,0
753353,0.00482,0.02035,0.03939,0.0029,0.00406,0.0001,0.00271,0.00918,0.01172,0.04649,0
754321,0.07666,0.05836,0.36874,0.0228,0.00632,0.00446,0.08786,0.02904,0.01444,0.32851,0
755059,0.04109,0.06365,0.15578,0.00795,0.0001,0.0001,0.00795,0.0001,0.01876,0.20066,0
757883,0.01643,0.03044,0.05291,0.00441,0.0001,0.0069,0.0497,0.0001,0.01526,0.03365,0
757940,0.0001,0.01637,0.0487,0.00268,0.0001,0.0001,0.00667,0.00886,0.01992,0.04515,0
767998,0.03488,0.01352,0.06571,0.02506,0.00307,0.0001,0.0001,0.00525,0.00723,0.07028,0
768973,0.03942,0.02362,0.04821,0.00198,0.00396,0.0001,0.00197,0.0001,0.01604,0.07159,0
769904,0.0001,0.00846,0.0113,0.0001,0.0001,0.0001,0.00281,0.0001,0.04339,0.01131,0
771400,0.01188,0.05395,0.08326,0.0001,0.0001,0.0001,0.0144,0.0056,0.1136,0.02361,0
771980,0.008,0.01252,0.03264,0.00455,0.0001,0.0001,0.1287,0.00545,0.0106,0.03263,0
773891,0.06919,0.11209,0.09783,0.00448,0.0001,0.00227,0.00221,0.01573,0.01878,0.18743,0
773920,0.08344,0.11516,0.26087,0.0001,0.01499,0.00331,0.06669,0.01789,0.05216,0.29145,0
775374,0.00526,0.0001,0.02481,0.02268,0.0001,0.0001,0.0001,0.0001,0.02262,0.00739,0
775698,0.02309,0.00976,0.0162,0.0001,0.0001,0.0001,0.0001,0.0001,0.00245,0.03684,0
776895,0.0001,0.01169,0.07977,0.0001,0.0001,0.0001,0.026,0.0001,0.0001,0.06546,0
777146,0.09269,0.03393,0.23599,0.0001,0.00802,0.0001,0.0001,0.02584,0.04299,0.28569,0
777210,0.10747,0.1058,0.06033,0.03375,0.03456,0.00942,0.01266,0.00823,0.03934,0.11559,0
777213,0.05099,0.07108,0.25732,0.00925,0.0001,0.0001,0.01894,0.04394,0.03438,0.26551,0
777836,0.06208,0.03877,0.13199,0.00159,0.00156,0.00243,0.00807,0.04298,0.02973,0.14301,0
778335,0.02692,0.09767,0.11233,0.0001,0.05868,0.0001,0.0001,0.0131,0.02606,0.13822,0
779952,0.01593,0.0646,0.17799,0.0001,0.0001,0.0001,0.0155,0.06432,0.04395,0.16278,0
781304,0.08062,0.1067,0.47242,0.01765,0.03506,0.0001,0.01764,0.01918,0.13836,0.44076,0
781307,0.01075,0.08853,0.03393,0.00165,0.00247,0.0015,0.00679,0.00815,0.00532,0.03392,0
782049,0.0088,0.02364,0.03012,0.0001,0.0001,0.0001,0.0001,0.00162,0.00572,0.04804,0
782057,0.03622,0.04624,0.10075,0.00283,0.00727,0.0001,0.00765,0.01197,0.0218,0.12519,0
784243,0.0001,0.0001,0.00676,0.0001,0.0001,0.0001,0.0001,0.0001,0.0001,0.00676,0
784592,0.03476,0.06899,0.05022,0.0001,0.0001,0.00402,0.00422,0.01839,0.01087,0.0966,0
784791,0.04455,0.07555,0.25053,0.01094,0.02124,0.00297,0.01959,0.0626,0.06716,0.23927,0
784811,0.09346,0.05503,0.22133,0.0001,0.01053,0.0001,0.02138,0.01577,0.05841,0.25638,0
785737,0.08427,0.05033,0.10245,0.00443,0.00748,0.0001,0.00848,0.03241,0.01575,0.14583,0
788186,0.09577,0.23895,0.12238,0.03037,0.0001,0.0001,0.0001,0.07232,0.0001,0.25864,0
788219,0.0112,0.00465,0.04528,0.0001,0.0001,0.0001,0.0001,0.00535,0.00568,0.05079,0
788252,0.0001,0.00656,0.00199,0.0001,0.0001,0.0001,0.00435,0.0001,0.00656,0.00237,0
788445,0.01095,0.03502,0.11923,0.0001,0.0001,0.00713,0.02228,0.02459,0.01717,0.10738,0
789943,0.0001,0.00604,0.00607,0.0001,0.0001,0.0001,0.0001,0.00299,0.003,0.00911,0
790192,0.00689,0.02596,0.09615,0.01537,0.02482,0.0001,0.0188,0.07211,0.00228,0.02517,0
790760,0.00792,0.03998,0.06657,0.00318,0.00318,0.0001,0.00636,0.00338,0.00938,0.09682,0
790791,0.13915,0.18735,0.25256,0.00756,0.00653,0.00616,0.0133,0.0489,0.08502,0.3549,0
790851,0.06132,0.04832,0.06069,0.0001,0.00267,0.00544,0.00263,0.00849,0.00233,0.10541,0
791466,0.01542,0.01335,0.03638,0.03901,0.0009,0.00089,0.00441,0.00063,0.02053,0.01127,0
791497,0.05573,0.0755,0.21741,0.00254,0.01192,0.00335,0.09863,0.0499,0.0438,0.14438,0
791530,0.02473,0.03189,0.04332,0.0001,0.00455,0.0001,0.00686,0.01214,0.00223,0.05621,0
793684,0.02933,0.03821,0.10347,0.01051,0.0001,0.0001,0.00787,0.01688,0.01535,0.11429,0
793783,0.17921,0.07988,0.23655,0.00906,0.03876,0.0001,0.02149,0.04717,0.06355,0.32982,0
795052,0.0001,0.0001,0.0001,0.02707,0.00868,0.0001,0.05394,0.0001,0.02667,0.0001,0
795176,0.0349,0.02434,0.09289,0.0001,0.0001,0.0066,0.01969,0.01255,0.0363,0.09148,0
796375,0.03649,0.03626,0.08347,0.00335,0.00114,0.00217,0.00234,0.00558,0.00926,0.10886,0
796462,0.02165,0.03603,0.11063,0.04821,0.00699,0.0001,0.01828,0.02285,0.07063,0.0756,0
797822,0.02957,0.02934,0.17821,0.01313,0.01518,0.0001,0.33557,0.03191,0.06379,0.17821,0
797849,0.27231,0.15173,0.27101,0.01402,0.01791,0.0001,0.01859,0.10325,0.03003,0.42149,0
798152,0.04404,0.05279,0.06117,0.00707,0.0001,0.00476,0.00952,0.0078,0.0066,0.09433,0
798411,0.02331,0.00837,0.12439,0.01037,0.0001,0.0001,0.01045,0.0001,0.02126,0.12644,0
798573,0.14297,0.21362,0.10756,0.0001,0.01866,0.0001,0.02505,0.07756,0.02749,0.21857,0
799247,0.04449,0.06061,0.10252,0.01026,0.00712,0.00116,0.00835,0.0187,0.02103,0.13302,0
799663,0.02053,0.01763,0.046,0.00113,0.00219,0.00186,0.00361,0.0087,0.00801,0.05379,0
799732,0.11623,0.05553,0.17895,0.00256,0.00256,0.0001,0.07239,0.02281,0.03021,0.19998,0
800383,0.0001,0.05455,0.01041,0.0001,0.0001,0.0001,0.01097,0.0001,0.0001,0.0104,0
800391,0.06345,0.03442,0.21391,0.00183,0.00776,0.0001,0.10524,0.05324,0.02994,0.11888,0
800394,0.00493,0.00505,0.00043,0.00722,0.00252,0.0001,0.02926,0.0001,0.00584,0.00291,0
800416,0.00668,0.01032,0.0248,0.0028,0.00374,0.0001,0.00093,0.00678,0.00518,0.02461,0
801479,0.11053,0.07153,0.10395,0.0001,0.00783,0.0001,0.0001,0.0186,0.03,0.18447,0
801813,0.03547,0.02562,0.08801,0.00495,0.0001,0.00494,0.00247,0.00404,0.01598,0.10749,0
802516,0.01615,0.0099,0.09701,0.0001,0.0001,0.0001,0.00382,0.00203,0.09371,0.01945,0
802526,0.01017,0.0001,0.01434,0.00212,0.0001,0.0001,0.0001,0.00425,0.0021,0.01813,0
803101,0.02038,0.01777,0.06377,0.01035,0.01895,0.00393,0.01562,0.00915,0.01123,0.05212,0
803352,0.01134,0.00716,0.02053,0.0001,0.0001,0.0001,0.00485,0.0001,0.00302,0.02703,0
803879,0.05297,0.05528,0.27053,0.00963,0.01198,0.00315,0.01734,0.04046,0.02475,0.26802,0
804422,0.03632,0.00797,0.03009,0.00603,0.0001,0.0001,0.00606,0.01304,0.00513,0.0473,0
805662,0.01195,0.03152,0.08173,0.0001,0.0001,0.0001,0.0001,0.0339,0.04771,0.06554,0
805663,0.04525,0.05807,0.05991,0.0001,0.0001,0.00728,0.01992,0.01876,0.02692,0.0793,0
805749,0.01431,0.0001,0.00428,0.05046,0.00284,0.0001,0.0001,0.05352,0.0001,0.00428,0
805750,0.02653,0.00601,0.04971,0.00607,0.00608,0.00303,0.0001,0.01407,0.00735,0.05306,0
805788,0.0001,0.00701,0.10729,0.0001,0.0001,0.0001,0.03266,0.00623,0.0001,0.0754,0
805789,0.01995,0.02684,0.05949,0.00949,0.0001,0.0001,0.00314,0.01043,0.0088,0.06641,0
806622,0.06802,0.03868,0.03839,0.01154,0.0043,0.0001,0.00287,0.00824,0.00618,0.08663,0
806666,0.0212,0.02713,0.05555,0.00643,0.00131,0.0001,0.0235,0.00679,0.01291,0.05238,0
806670,0.00694,0.00753,0.01292,0.01672,0.0001,0.0001,0.00197,0.00175,0.00525,0.00199,0
806901,0.00347,0.01235,0.0326,0.00227,0.0001,0.0001,0.00245,0.00378,0.00995,0.03501,0
806918,0.02681,0.04661,0.09179,0.03075,0.0042,0.00238,0.021,0.01333,0.01702,0.09193,0
807109,0.00433,0.00287,0.02991,0.00142,0.00285,0.00142,0.0001,0.00273,0.00584,0.02724,0
807140,0.00318,0.01075,0.00974,0.0001,0.0001,0.0001,0.00308,0.00271,0.0027,0.01471,0
807142,0.00899,0.00234,0.01585,0.0607,0.0001,0.0001,0.00225,0.00727,0.00435,0.01585,0
807158,0.00648,0.21054,0.0001,0.0001,0.0001,0.0001,0.0001,0.0001,0.0001,0.0001,0
807160,0.0001,0.0001,0.00158,0.0001,0.0001,0.0001,0.0001,0.0001,0.04201,0.0021,0
807184,0.02528,0.01256,0.03429,0.0001,0.0043,0.00143,0.00054,0.00358,0.02901,0.03056,0
807186,0.01468,0.00614,0.02132,0.0001,0.00332,0.00157,0.02247,0.00341,0.0001,0.01012,0
807205,0.0032,0.00318,0.00643,0.01318,0.0001,0.0001,0.0001,0.0001,0.03981,0.00643,0
807209,0.00307,0.01204,0.02544,0.00649,0.00291,0.00293,0.0001,0.0001,0.00322,0.02805,0
807222,0.00877,0.00725,0.0192,0.0001,0.0001,0.0001,0.04089,0.00289,0.00696,0.01919,0
807232,0.00088,0.03265,0.00933,0.0001,0.00093,0.0001,0.00466,0.0001,0.0001,0.00937,0
807274,0.02372,0.02427,0.06045,0.00343,0.00344,0.00113,0.01273,0.00835,0.01621,0.06364,0
807290,0.03184,0.03779,0.07581,0.00963,0.00286,0.00199,0.00278,0.01589,0.01845,0.08609,0
807335,0.02062,0.02616,0.01299,0.0001,0.0001,0.0001,0.00707,0.00489,0.00933,0.02719,0
807382,0.00637,0.01973,0.06609,0.00149,0.00148,0.00122,0.04804,0.0058,0.00804,0.03199,0
807403,0.00821,0.0001,0.00947,0.0001,0.00204,0.00204,0.00203,0.00233,0.00587,0.01126,0
807409,0.00482,0.01525,0.02266,0.0027,0.00824,0.0001,0.00275,0.00398,0.01274,0.02516,0
807461,0.00708,0.03861,0.01412,0.00176,0.00117,0.0001,0.03206,0.00039,0.00798,0.02028,0
807487,0.04012,0.04991,0.05181,0.00071,0.00215,0.0001,0.02696,0.00563,0.00807,0.06913,0
807494,0.01881,0.01149,0.02824,0.0001,0.00139,0.0001,0.00278,0.00361,0.00262,0.04066,0
807509,0.04278,0.04683,0.04836,0.00588,0.0001,0.0001,0.00586,0.00489,0.01324,0.08194,0
807540,0.0001,0.00277,0.0001,0.0001,0.0001,0.0001,0.04009,0.0001,0.0001,0.0001,0
807541,0.0001,0.00191,0.00464,0.01156,0.0001,0.0001,0.0001,0.00036,0.00953,0.00464,0
807543,0.0074,0.00489,0.03331,0.08664,0.0001,0.00197,0.01916,0.008,0.04461,0.03331,0
807592,0.05074,0.02314,0.07606,0.00137,0.00691,0.00138,0.00274,0.02537,0.05089,0.07591,0
807597,0.00121,0.00364,0.00303,0.0001,0.0001,0.0001,0.0001,0.0001,0.02111,0.00303,0
807624,0.04932,0.03245,0.15723,0.00876,0.01047,0.0001,0.00174,0.00756,0.16218,0.04437,0
807669,0.0001,0.0001,0.00316,0.0001,0.0001,0.0001,0.01903,0.0001,0.0001,0.00316,0
807711,0.03475,0.05339,0.12723,0.01313,0.00223,0.0022,0.00442,0.01636,0.01282,0.14893,0
807737,0.04467,0.06333,0.10767,0.00592,0.00232,0.0001,0.00637,0.01794,0.01876,0.14669,0
807754,0.00898,0.00151,0.0105,0.00753,0.0015,0.0015,0.0001,0.00285,0.00139,0.00761,0
807789,0.02944,0.03361,0.02687,0.00082,0.00165,0.0001,0.00247,0.00632,0.00728,0.05169,0
807813,0.01036,0.01729,0.03039,0.00086,0.0001,0.0001,0.03468,0.00068,0.00212,0.01233,0
807850,0.00344,0.00236,0.00972,0.0001,0.0001,0.0001,0.00367,0.00414,0.00413,0.00535,0
807935,0.00111,0.00111,0.00142,0.01582,0.0001,0.0001,0.0124,0.0001,0.0001,0.00414,0
807942,0.00119,0.0001,0.00034,0.0001,0.0001,0.0001,0.0001,0.0001,0.0001,0.00085,0
808019,0.01521,0.02256,0.0273,0.0001,0.00195,0.0001,0.0001,0.00722,0.00091,0.04069,0
808050,0.0149,0.01536,0.01946,0.00395,0.0001,0.0001,0.00198,0.0085,0.01183,0.02236,0
808063,0.05136,0.02625,0.06098,0.00431,0.00441,0.02277,0.00124,0.02461,0.01988,0.06055,0
808081,0.0163,0.01333,0.07597,0.00179,0.0018,0.0001,0.00179,0.00515,0.00943,0.08284,0
808094,0.00658,0.00277,0.01719,0.00092,0.00092,0.0001,0.00098,0.00373,0.00275,0.01906,0
808112,0.0267,0.03476,0.06451,0.00509,0.0001,0.0001,0.0001,0.00928,0.04958,0.0497,0
808115,0.00191,0.0455,0.02146,0.05677,0.00935,0.0001,0.0259,0.0023,0.05839,0.00789,0
808156,0.00827,0.00888,0.04451,0.00109,0.0001,0.0001,0.02608,0.00174,0.00269,0.02556,0
808181,0.0001,0.04838,0.00453,0.00318,0.002,0.0001,0.00106,0.00296,0.01027,0.04265,0
808344,0.02654,0.07478,0.07672,0.02635,0.00537,0.00111,0.00614,0.02266,0.01886,0.10138,0
808362,0.04056,0.03451,0.08307,0.00392,0.01572,0.00372,0.00995,0.03658,0.02224,0.06761,0
808378,0.00838,0.08117,0.02668,0.002,0.0001,0.0001,0.002,0.00401,0.0001,0.02668,0
808412,0.03354,0.0364,0.09361,0.00292,0.01026,0.0001,0.00584,0.01669,0.0181,0.10306,0
808458,0.00888,0.01797,0.0049,0.01256,0.0001,0.0001,0.0001,0.0001,0.0001,0.01031,0
808483,0.01143,0.06136,0.07573,0.00193,0.01173,0.0001,0.00583,0.01461,0.00694,0.11075,0
808512,0.00481,0.00242,0.01454,0.0001,0.0001,0.0001,0.03201,0.0024,0.0001,0.01464,0
808540,0.03083,0.01782,0.08134,0.00603,0.02112,0.00072,0.00527,0.01054,0.01064,0.07979,0
808561,0.02637,0.01176,0.02049,0.00267,0.0001,0.00266,0.0001,0.00265,0.00535,0.03888,0
808569,0.02117,0.02736,0.05731,0.00724,0.0016,0.00216,0.00457,0.00981,0.02018,0.06449,0
808572,0.07818,0.049,0.08059,0.00367,0.0001,0.0001,0.00916,0.00571,0.02613,0.13263,0
808603,0.04274,0.03917,0.11127,0.0064,0.00639,0.0001,0.00638,0.01773,0.01252,0.12988,0
808640,0.0087,0.00709,0.1619,0.00984,0.00472,0.00236,0.04798,0.01132,0.01522,0.11129,0
808642,0.00412,0.00512,0.01422,0.00248,0.00083,0.0001,0.00165,0.0001,0.0001,0.01685,0
808697,0.04047,0.05655,0.11737,0.00713,0.0071,0.00282,0.00716,0.00808,0.0214,0.15252,0
808700,0.01469,0.00287,0.0351,0.0001,0.01456,0.0001,0.0072,0.0122,0.03087,0.01892,0
808708,0.01765,0.01744,0.04843,0.00317,0.00238,0.0001,0.01294,0.0054,0.01201,0.04774,0
808765,0.0001,0.0001,0.00283,0.01726,0.00113,0.0001,0.0001,0.00113,0.00793,0.00283,0
808766,0.00507,0.01967,0.03684,0.0001,0.0001,0.0001,0.05055,0.00251,0.01174,0.00345,0
808776,0.06019,0.03843,0.11172,0.00417,0.00664,0.00436,0.00229,0.04153,0.01315,0.11939,0
808808,0.07398,0.07949,0.10022,0.00163,0.00494,0.00567,0.00759,0.01445,0.04064,0.13907,0
808815,0.02141,0.01028,0.04148,0.043,0.0052,0.0001,0.00177,0.00887,0.04483,0.01103,0
808829,0.01447,0.01123,0.05291,0.01087,0.0001,0.0001,0.01736,0.01302,0.00197,0.037,0
808854,0.0016,0.00158,0.00638,0.00635,0.00158,0.0001,0.03906,0.0001,0.00476,0.00637,0
808895,0.04055,0.03049,0.08729,0.00327,0.00872,0.00347,0.00883,0.01029,0.02038,0.10535,0
809005,0.0001,0.00816,0.01074,0.0001,0.0001,0.0001,0.00404,0.0001,0.01744,0.00146,0
809033,0.0157,0.01576,0.02525,0.01044,0.00642,0.0001,0.0011,0.00106,0.00186,0.02951,0
809040,0.001,0.001,0.001,0.001,0.001,0.001,0.001,0.001,0.001,0.001,0
809092,0.00594,0.00816,0.01551,0.00105,0.00279,0.0001,0.00171,0.00376,0.00222,0.01713,0
809177,0.0061,0.00542,0.01481,0.0001,0.00041,0.00123,0.00123,0.00159,0.00294,0.01768,0
809215,0.05965,0.03366,0.08881,0.00295,0.00297,0.00458,0.00442,0.02217,0.01891,0.11874,0
809228,0.02664,0.03777,0.0658,0.00429,0.0034,0.00095,0.0358,0.01002,0.01075,0.05776,0
809287,0.01653,0.01416,0.02285,0.0001,0.00273,0.0001,0.0001,0.00822,0.0001,0.02843,0
809303,0.03136,0.04461,0.0972,0.00417,0.01091,0.00195,0.01068,0.02009,0.0303,0.10886,0
809331,0.11479,0.13045,0.08378,0.00238,0.00236,0.00914,0.01,0.02572,0.05037,0.16386,0
809344,0.03219,0.22669,0.06311,0.00223,0.00472,0.18939,0.00489,0.00783,0.02018,0.08786,0
809354,0.02937,0.07559,0.00884,0.00153,0.0001,0.00226,0.00255,0.00315,0.00469,0.07749,0
809363,0.01675,0.01883,0.02843,0.00505,0.0066,0.0001,0.08238,0.01683,0.05717,0.02885,0
809371,0.03675,0.01759,0.02861,0.0001,0.00458,0.0001,0.0092,0.00476,0.00897,0.0514,0
809384,0.0043,0.00712,0.0202,0.0091,0.0001,0.0001,0.00125,0.0001,0.00335,0.01822,0
809411,0.00298,0.001,0.0001,0.01717,0.00101,0.0001,0.0001,0.0001,0.00101,0.00298,0
809414,0.00545,0.00979,0.02324,0.00184,0.00085,0.0001,0.00085,0.00312,0.00699,0.02603,0
809429,0.00904,0.04201,0.02049,0.02834,0.00325,0.00027,0.00441,0.00798,0.03551,0.02591,0
809461,0.00867,0.04252,0.08975,0.02375,0.0001,0.0001,0.00276,0.01732,0.03633,0.0912,0
809496,0.00334,0.0492,0.05873,0.00417,0.0001,0.0001,0.08822,0.01066,0.01121,0.00905,0
809526,0.04355,0.06702,0.12463,0.01271,0.00374,0.00041,0.04536,0.0252,0.01455,0.12109,0
809620,0.01458,0.02803,0.04986,0.00028,0.00253,0.00219,0.006,0.01426,0.00629,0.05763,0
809625,0.00317,0.00165,0.02003,0.00323,0.0001,0.0001,0.0001,0.00313,0.00989,0.01331,0
809660,0.03397,0.04163,0.11056,0.00535,0.00266,0.00507,0.00966,0.01829,0.02036,0.12349,0
809670,0.04117,0.02288,0.03073,0.0001,0.00234,0.0001,0.00117,0.00464,0.00972,0.06218,0
809675,0.01672,0.03138,0.05399,0.00243,0.0073,0.0001,0.0001,0.0096,0.00772,0.06846,0
809679,0.0097,0.0001,0.00188,0.03403,0.0001,0.0001,0.0001,0.0001,0.01571,0.00586,0
809680,0.02555,0.04636,0.03899,0.00441,0.01032,0.00143,0.00146,0.00638,0.00543,0.06722,0
809724,0.00998,0.00568,0.01288,0.0001,0.0001,0.0001,0.0001,0.00331,0.0001,0.01955,0
809771,0.00126,0.0065,0.02473,0.0001,0.0013,0.0013,0.00525,0.00325,0.01568,0.01556,0
809792,0.05846,0.05318,0.13851,0.03272,0.00504,0.00269,0.08897,0.01637,0.01168,0.09162,0
809812,0.04877,0.10228,0.08876,0.00385,0.00497,0.00232,0.0105,0.00984,0.01503,0.1707,0
809854,0.00927,0.08404,0.00692,0.0001,0.00459,0.0001,0.08859,0.00456,0.00925,0.00691,0
809856,0.06621,0.05214,0.17362,0.02727,0.00498,0.00344,0.00425,0.00241,0.04178,0.19804,0
809860,0.01113,0.0001,0.03018,0.0001,0.02545,0.0001,0.08043,0.00557,0.0001,0.03018,0
809910,0.02591,0.00639,0.00867,0.0001,0.00184,0.0001,0.00368,0.0001,0.00738,0.02721,0
809950,0.01145,0.02248,0.02186,0.00234,0.01164,0.0001,0.02878,0.0001,0.00701,0.01556,0
810019,0.02318,0.02738,0.05317,0.00553,0.00276,0.0001,0.00276,0.00761,0.01496,0.06559,0
810047,0.01416,0.01659,0.0425,0.0001,0.00255,0.00264,0.01846,0.00811,0.01774,0.03251,0
810054,0.0001,0.0001,0.0066,0.06205,0.09202,0.0001,0.0001,0.0001,0.0001,0.0066,0
810069,0.03282,0.04154,0.08144,0.00429,0.00429,0.00143,0.0043,0.01001,0.02507,0.09791,0
810186,0.04223,0.02505,0.0829,0.00241,0.0001,0.0001,0.0001,0.02152,0.04387,0.08126,0
810286,0.00534,0.01458,0.01379,0.0031,0.00103,0.00051,0.01815,0.00609,0.00492,0.00413,0
810352,0.02092,0.01537,0.06587,0.00875,0.0001,0.00414,0.00907,0.01835,0.01318,0.05555,0
810499,0.00997,0.01938,0.08552,0.0001,0.0001,0.0001,0.00553,0.01201,0.00754,0.08736,0
810509,0.02841,0.02147,0.08206,0.0023,0.00115,0.00222,0.00583,0.00828,0.01285,0.09636,0
810539,0.0001,0.00696,0.00115,0.0001,0.0001,0.0001,0.0001,0.0001,0.0001,0.00116,0
810652,0.08267,0.08059,0.17174,0.00572,0.01532,0.00264,0.00702,0.02054,0.05435,0.20005,0
810684,0.04919,0.06375,0.20239,0.01025,0.01329,0.00289,0.08441,0.04566,0.04125,0.13607,0
810742,0.01371,0.02097,0.04338,0.00284,0.0001,0.00144,0.00563,0.00402,0.00311,0.0547,0
810775,0.02275,0.0276,0.05277,0.00107,0.00195,0.00102,0.00307,0.00595,0.01469,0.06568,0
810815,0.05652,0.06495,0.15505,0.01433,0.00943,0.0001,0.00948,0.02588,0.03104,0.17979,0
810817,0.01049,0.01737,0.01452,0.00343,0.0001,0.00171,0.0001,0.011,0.00141,0.01575,0
810819,0.0664,0.066,0.08646,0.00152,0.00302,0.00153,0.00912,0.0151,0.01914,0.12864,0
810872,0.02564,0.00748,0.05025,0.0121,0.01239,0.0001,0.01226,0.0001,0.0001,0.0635,0
810890,0.01594,0.01402,0.07847,0.0641,0.0041,0.00088,0.00253,0.01843,0.01215,0.011,0
810910,0.0387,0.04547,0.06543,0.00051,0.00306,0.00255,0.00357,0.00556,0.01845,0.09245,0
811006,0.0101,0.01519,0.07504,0.0001,0.0001,0.00127,0.05216,0.00578,0.01424,0.0323,0
811051,0.01521,0.00544,0.02166,0.0001,0.00109,0.0012,0.00704,0.00225,0.00451,0.02757,0
811061,0.0079,0.01033,0.01832,0.0043,0.00172,0.00099,0.0001,0.00542,0.00925,0.01794,0
811090,0.00272,0.01557,0.02117,0.0041,0.00343,0.0001,0.00665,0.00484,0.01281,0.02393,0
811109,0.04481,0.03912,0.27485,0.02007,0.00875,0.0001,0.02457,0.0363,0.03794,0.25879,0
811147,0.08243,0.09172,0.24451,0.00919,0.00876,0.00125,0.01115,0.02474,0.02757,0.30033,0
811334,0.03481,0.04605,0.10738,0.00653,0.00516,0.0036,0.00834,0.01071,0.03239,0.12105,0
811340,0.05067,0.06826,0.15901,0.0039,0.00129,0.00128,0.00654,0.02959,0.01793,0.19114,0
811341,0.02862,0.02543,0.10392,0.01033,0.0034,0.00185,0.00923,0.01361,0.01934,0.10675,0
811390,0.05231,0.05544,0.13221,0.00287,0.00289,0.00579,0.0001,0.01537,0.05207,0.13559,0
811410,0.02271,0.0218,0.04144,0.00789,0.0001,0.0001,0.0001,0.00721,0.01146,0.04906,0
811443,0.08595,0.08391,0.25662,0.00688,0.00702,0.00078,0.0093,0.02163,0.03169,0.31088,0
811451,0.02443,0.03588,0.07728,0.00626,0.00838,0.00273,0.0001,0.01033,0.03843,0.07473,0
811487,0.01993,0.0001,0.05264,0.0001,0.00226,0.00583,0.0001,0.0001,0.01216,0.06041,0
811506,0.01109,0.01173,0.03842,0.0021,0.0001,0.0001,0.00352,0.0001,0.0277,0.02245,0
811524,0.0186,0.03654,0.1458,0.02273,0.01088,0.00529,0.05112,0.01867,0.02813,0.11255,0
811571,0.06094,0.0279,0.16822,0.01109,0.00678,0.0001,0.00818,0.04368,0.03625,0.17438,0
811694,0.01992,0.01957,0.04064,0.00355,0.00153,0.0001,0.00162,0.0039,0.0024,0.05311,0
811717,0.02844,0.0001,0.04265,0.00615,0.00306,0.0001,0.0001,0.00367,0.01831,0.05278,0
811739,0.01802,0.00884,0.02848,0.00285,0.0001,0.0001,0.0001,0.01064,0.00381,0.03301,0
811772,0.02339,0.02235,0.09259,0.00282,0.00988,0.00137,0.02618,0.01272,0.0275,0.07708,0
811804,0.0001,0.0001,0.00112,0.00216,0.0001,0.0001,0.0001,0.0001,0.00653,0.00103,0
812025,0.01497,0.00753,0.0551,0.0001,0.0001,0.0001,0.0001,0.02076,0.00801,0.04931,0
812060,0.01708,0.02353,0.0413,0.00079,0.00157,0.00077,0.00235,0.0001,0.00459,0.06024,0
812062,0.03331,0.03226,0.05657,0.00353,0.0007,0.00221,0.00205,0.00545,0.01023,0.07869,0
812103,0.11465,0.13221,0.19639,0.00996,0.00407,0.0001,0.0074,0.02186,0.03969,0.28891,0
812176,0.0156,0.02996,0.01519,0.0001,0.00187,0.0001,0.00105,0.0001,0.00562,0.03953,0
812178,0.00704,0.00767,0.00536,0.0001,0.00183,0.0001,0.00366,0.00182,0.0001,0.00755,0
812255,0.04405,0.03423,0.07938,0.0001,0.01034,0.0001,0.44317,0.01327,0.00406,0.07939,0
812350,0.02242,0.02209,0.09244,0.0001,0.00172,0.0001,0.0001,0.0001,0.01215,0.1027,0
812360,0.02149,0.00965,0.07778,0.00619,0.07427,0.0001,0.06463,0.00591,0.00652,0.01909,0
812372,0.00959,0.01038,0.0493,0.0001,0.01103,0.00218,0.0044,0.00278,0.01273,0.04369,0
812376,0.02589,0.02212,0.04754,0.00382,0.00229,0.00153,0.00382,0.0114,0.00717,0.05669,0
812418,0.00798,0.00674,0.02059,0.00797,0.0001,0.0001,0.0001,0.00131,0.00132,0.01929,0
812442,0.06476,0.12095,0.31159,0.05762,0.00266,0.0001,0.11163,0.05944,0.0318,0.26146,0
812464,0.00628,0.00366,0.01358,0.008,0.00086,0.00088,0.00047,0.00258,0.02111,0.01358,0
812651,0.01717,0.01867,0.0712,0.00146,0.00293,0.0001,0.13747,0.00863,0.01364,0.07121,0
812681,0.01106,0.00727,0.01989,0.00179,0.00179,0.0001,0.10989,0.00431,0.00471,0.01989,0
812688,0.17468,0.19202,0.44371,0.01114,0.00791,0.0084,0.50429,0.05166,0.08581,0.07978,0
812749,0.06063,0.04937,0.12899,0.00387,0.01169,0.00193,0.01575,0.02578,0.02665,0.1481,0
812800,0.00449,0.00783,0.01355,0.00202,0.0007,0.0001,0.00182,0.00166,0.00201,0.01769,0
812804,0.03995,0.00823,0.02706,0.0001,0.00587,0.0001,0.26399,0.0001,0.0001,0.02706,0
812821,0.00519,0.00667,0.02561,0.0147,0.0001,0.0001,0.00099,0.00229,0.00478,0.01529,0
812889,0.04593,0.04423,0.08064,0.00391,0.00684,0.0001,0.00443,0.01276,0.01222,0.10698,0
812949,0.06112,0.10653,0.23197,0.00293,0.00294,0.0001,0.01553,0.03089,0.01446,0.29208,0
812952,0.14965,0.21222,0.22862,0.06484,0.00942,0.0001,0.03584,0.04928,0.10917,0.32672,0
813018,0.00487,0.00323,0.00486,0.00161,0.00161,0.0001,0.0001,0.00321,0.00324,0.0049,0
813083,0.07198,0.07361,0.17595,0.00762,0.00571,0.00388,0.01608,0.02492,0.03773,0.20855,0
813149,0.13691,0.12467,0.38521,0.00788,0.03316,0.00523,0.0001,0.0701,0.08375,0.41362,0
813183,0.1242,0.12854,0.35905,0.01259,0.02236,0.00116,0.09164,0.03695,0.07316,0.35901,0
813184,0.00141,0.0001,0.00767,0.0001,0.00139,0.0001,0.04323,0.00139,0.0001,0.00767,0
813253,0.00725,0.00584,0.05086,0.0001,0.0001,0.00205,0.0001,0.00222,0.00245,0.05384,0
813352,0.08764,0.08937,0.25211,0.008,0.00529,0.00438,0.01517,0.04887,0.06702,0.27446,0
813366,0.01884,0.01471,0.11553,0.00362,0.0001,0.0001,0.0109,0.01493,0.0069,0.10853,0
813371,0.01577,0.00241,0.01064,0.00061,0.00687,0.00054,0.0013,0.00064,0.00376,0.01835,0
813564,0.01018,0.01056,0.03581,0.00223,0.00996,0.0001,0.00455,0.0001,0.00223,0.03641,0
813630,0.03403,0.02435,0.14718,0.03972,0.00209,0.0001,0.01096,0.00312,0.03904,0.13836,0
813654,0.02621,0.05726,0.10513,0.0069,0.01489,0.00233,0.0174,0.01578,0.06037,0.10202,0
813865,0.0338,0.02383,0.05924,0.0006,0.00477,0.0001,0.00368,0.00409,0.00842,0.08418,0
813959,0.01579,0.01735,0.02737,0.0001,0.0001,0.0001,0.0001,0.00481,0.00222,0.03991,0
814003,0.06089,0.08105,0.18165,0.01493,0.0098,0.0001,0.01233,0.0415,0.02483,0.20626,0
814043,0.11303,0.11456,0.28351,0.00581,0.14093,0.0001,0.01065,0.05886,0.01234,0.19827,0
814048,0.01499,0.03867,0.07417,0.05019,0.00261,0.0001,0.0001,0.00619,0.02115,0.05645,0
814107,0.02856,0.06776,0.11564,0.01026,0.00484,0.0001,0.01104,0.02636,0.0393,0.14411,0
814113,0.02341,0.00978,0.06489,0.00515,0.00452,0.0001,0.00404,0.01167,0.01384,0.07148,0
814177,0.0116,0.00745,0.02883,0.0001,0.00297,0.0001,0.00321,0.00329,0.00446,0.03392,0
814244,0.00541,0.00271,0.00241,0.0001,0.00754,0.0001,0.0001,0.0001,0.0001,0.00029,0
814261,0.07026,0.01152,0.11907,0.00321,0.0001,0.0001,0.0001,0.01879,0.03917,0.15016,0
814367,0.0001,0.0001,0.00208,0.00208,0.0001,0.0001,0.00416,0.0001,0.02342,0.00208,0
814514,0.13873,0.12495,0.25074,0.01703,0.00868,0.12939,0.0001,0.01841,0.06038,0.22464,0
814589,0.09495,0.08141,0.29927,0.01632,0.00837,0.0001,0.00839,0.05766,0.08816,0.30606,0
814717,0.00864,0.00486,0.02324,0.14245,0.00287,0.0001,0.06328,0.00396,0.00272,0.02324,0
814765,0.05205,0.08794,0.05162,0.0001,0.0001,0.0001,0.00312,0.01545,0.00433,0.12099,0
814902,0.02422,0.01025,0.05917,0.0001,0.00916,0.0001,0.0001,0.01174,0.01603,0.06249,0
814911,0.01987,0.02261,0.05201,0.03139,0.01287,0.0001,0.00246,0.00073,0.03375,0.04087,0
815099,0.01901,0.01207,0.04556,0.00287,0.00288,0.00289,0.00575,0.00324,0.00551,0.05556,0
815224,0.00099,0.00103,0.00941,0.0005,0.0005,0.0001,0.0001,0.0015,0.0001,0.00844,0
815244,0.07856,0.05743,0.20439,0.00884,0.0001,0.00885,0.00575,0.01971,0.04202,0.24094,0
815357,0.01001,0.0086,0.02124,0.00882,0.00064,0.0001,0.00351,0.0028,0.01223,0.01902,0
815488,0.02121,0.02919,0.03736,0.00733,0.00221,0.00067,0.02186,0.00527,0.01089,0.03942,0
815548,0.01736,0.02237,0.05737,0.05539,0.00416,0.00095,0.00211,0.0001,0.03828,0.02341,0
815599,0.05443,0.03051,0.05236,0.0001,0.01376,0.0001,0.01163,0.01205,0.01539,0.08098,0
815781,0.06914,0.07841,0.17215,0.00796,0.00476,0.0021,0.00427,0.04261,0.0237,0.19789,0
815815,0.01245,0.0116,0.0134,0.0001,0.0001,0.0001,0.00101,0.00288,0.00831,0.01754,0
815976,0.00198,0.0001,0.0039,0.00198,0.0001,0.0001,0.00099,0.0001,0.00099,0.00304,0
816004,0.02472,0.02097,0.08197,0.0001,0.00104,0.00104,0.0021,0.00801,0.0025,0.09657,0
816042,0.01559,0.05288,0.03703,0.00483,0.00243,0.00242,0.0001,0.01068,0.0095,0.07199,0
816075,0.03291,0.01349,0.05755,0.00246,0.00201,0.0001,0.002,0.0001,0.00897,0.08149,0
816120,0.05014,0.03888,0.06561,0.00284,0.0072,0.0001,0.00142,0.00902,0.02148,0.09427,0
816379,0.10389,0.15596,0.17534,0.00995,0.00995,0.00325,0.00337,0.08674,0.05356,0.23137,0
816387,0.00789,0.01878,0.01263,0.00878,0.00297,0.0001,0.00192,0.00092,0.00783,0.02172,0
816526,0.00406,0.00406,0.01089,0.00135,0.0001,0.0001,0.05594,0.0027,0.00135,0.01091,0
816791,0.00827,0.00368,0.03968,0.00386,0.00386,0.0001,0.0001,0.00819,0.00559,0.0359,0
816966,0.01409,0.07706,0.02346,0.0001,0.0001,0.0001,0.00653,0.0001,0.00655,0.02346,0
817202,0.11604,0.1061,0.23509,0.02035,0.004,0.0001,0.0001,0.06526,0.04576,0.26553,0
817207,0.05158,0.09524,0.15934,0.00777,0.00257,0.0052,0.00514,0.01263,0.04406,0.21051,0
817418,0.00248,0.07318,0.0376,0.0001,0.00233,0.00233,0.01408,0.00214,0.00252,0.0004,0
817625,0.04721,0.07278,0.08207,0.00628,0.00537,0.00169,0.01069,0.01874,0.02589,0.12542,0
817648,0.0001,0.00111,0.01384,0.0001,0.00673,0.0001,0.00451,0.0027,0.00401,0.00553,0
817762,0.01446,0.01668,0.07988,0.01367,0.01291,0.0001,0.04241,0.0167,0.01686,0.03745,0
817814,0.00189,0.00746,0.01391,0.00311,0.0001,0.0001,0.0001,0.00313,0.00155,0.01512,0
817918,0.09161,0.04586,0.11755,0.01223,0.01217,0.0001,0.00303,0.03841,0.09844,0.11073,0
817921,0.02633,0.06108,0.12484,0.01008,0.02493,0.00268,0.02097,0.01151,0.02723,0.1468,0
818064,0.0001,0.0001,0.01474,0.0608,0.0001,0.00292,0.00879,0.00292,0.00292,0.01474,0
818137,0.00176,0.0001,0.00177,0.0001,0.0001,0.0001,0.0001,0.0001,0.0001,0.00353,0
818283,0.00179,0.00417,0.01818,0.0001,0.00091,0.0001,0.00091,0.0001,0.0001,0.02144,0
818704,0.11861,0.08027,0.35597,0.00371,0.00742,0.00669,0.0527,0.07232,0.03878,0.34957,0
818881,0.00288,0.00437,0.01794,0.01976,0.00144,0.0001,0.0001,0.0001,0.00144,0.00255,0
819600,0.00779,0.00989,0.01267,0.00125,0.0001,0.0001,0.0001,0.00313,0.00722,0.01534,0
819696,0.0019,0.00706,0.01691,0.0001,0.0001,0.0001,0.0001,0.00258,0.01209,0.01188,0
819700,0.07617,0.06386,0.15469,0.00512,0.00512,0.00163,0.00606,0.0208,0.04871,0.18215,0
820223,0.02718,0.02286,0.04114,0.00323,0.0001,0.0001,0.0001,0.0001,0.0032,0.0651,0
820319,0.01227,0.0001,0.02827,0.0001,0.00617,0.0001,0.0001,0.0001,0.04527,0.02827,0
820324,0.08437,0.10267,0.23507,0.01365,0.00451,0.00901,0.00473,0.05169,0.04426,0.26338,0
820477,0.07164,0.05856,0.10587,0.00877,0.01943,0.00893,0.02328,0.03082,0.05756,0.11834,0
820605,0.01614,0.03809,0.07029,0.00209,0.00104,0.0001,0.07406,0.00718,0.0076,0.02714,0
820951,0.00677,0.00869,0.06921,0.01563,0.0001,0.0001,0.00794,0.0001,0.03254,0.04537,0
821269,0.01463,0.01287,0.02236,0.0001,0.0001,0.0001,0.0001,0.0001,0.00479,0.0322,0
821737,0.03712,0.01843,0.04754,0.00226,0.00227,0.0001,0.00632,0.0084,0.0224,0.06225,0
821902,0.05243,0.04172,0.11308,0.0001,0.00136,0.0001,0.00137,0.01019,0.01493,0.15058,0
829896,0.03871,0.04512,0.46905,0.00996,0.00375,0.0001,0.00189,0.01988,0.02359,0.48432,0
892320,0.02776,0.05002,0.15786,0.01193,0.01041,0.0001,0.0001,0.02678,0.02711,0.16917,0
929417,0.01753,0.02385,0.04514,0.0001,0.003,0.0001,0.02786,0.011,0.01036,0.03013,0
930785,0.01299,0.02782,0.02335,0.01663,0.00177,0.0001,0.00177,0.00305,0.00784,0.0315,0
931476,0.00406,0.01244,0.01569,0.00272,0.00136,0.0001,0.00294,0.00129,0.0042,0.0239,0
931480,0.01139,0.00884,0.01666,0.0001,0.00232,0.00119,0.00364,0.00446,0.00757,0.01994,0
931757,0.0221,0.06205,0.10924,0.0001,0.0001,0.0001,0.00425,0.05102,0.03976,0.11603,0
931766,0.0045,0.00501,0.00469,0.01286,0.00038,0.0001,0.07844,0.00065,0.0187,0.01544,0
931813,0.02824,0.01678,0.05983,0.00238,0.0001,0.00236,0.0024,0.01651,0.00289,0.06682,0
932076,0.05775,0.07561,0.12841,0.0604,0.00925,0.00173,0.0078,0.00793,0.02138,0.13396,0
933057,0.04667,0.04377,0.08801,0.00444,0.0001,0.00441,0.00671,0.01287,0.00519,0.11297,0
933275,0.04,0.02518,0.12057,0.08779,0.00197,0.0001,0.03764,0.01449,0.01698,0.05829,0
933401,0.01503,0.0001,0.01791,0.00026,0.0001,0.00422,0.00899,0.0001,0.02021,0.01273,0
933517,0.04377,0.06588,0.26759,0.00823,0.00938,0.0001,0.0126,0.04077,0.02854,0.28009,0
933519,0.00649,0.05867,0.00826,0.00115,0.0001,0.0001,0.05244,0.00461,0.0001,0.00988,0
933533,0.0001,0.00381,0.00972,0.0001,0.0001,0.0001,0.0001,0.0001,0.00382,0.00972,0
935268,0.01609,0.04286,0.04067,0.00252,0.00377,0.00942,0.00537,0.002,0.01676,0.06678,0
935272,0.00508,0.00841,0.0193,0.0001,0.0001,0.0001,0.08948,0.0001,0.00363,0.01931,0
935856,0.03512,0.08353,0.07674,0.0001,0.00419,0.00416,0.0001,0.00955,0.02892,0.13135,0
935880,0.01904,0.01696,0.02656,0.0001,0.0012,0.00114,0.00248,0.00226,0.02309,0.02252,0
936475,0.0463,0.11468,0.26426,0.0001,0.0001,0.0001,0.00951,0.03704,0.1115,0.26743,0
936493,0.00183,0.00748,0.00855,0.00302,0.00379,0.0015,0.00459,0.0072,0.01057,0.00355,0
936807,0.03208,0.15333,0.34281,0.00381,0.01204,0.0001,0.01041,0.02925,0.05298,0.44316,0
937035,0.01409,0.03137,0.06591,0.00152,0.00916,0.0001,0.00456,0.01666,0.01284,0.07145,0
937258,0.0001,0.03239,0.07333,0.01592,0.00794,0.0001,0.0001,0.00598,0.01009,0.08381,0
937600,0.05761,0.03172,0.15741,0.00472,0.00414,0.02259,0.11728,0.0001,0.00977,0.09775,0
938427,0.01098,0.01208,0.00952,0.10937,0.0001,0.0001,0.00277,0.0001,0.00554,0.00924,0
938515,0.01155,0.00479,0.01672,0.0001,0.0016,0.0001,0.0016,0.0016,0.0001,0.02506,0
938519,0.17846,0.09077,0.1773,0.00797,0.0025,0.0001,0.01364,0.02762,0.05228,0.30348,0
938676,0.01617,0.01006,0.01679,0.00078,0.00078,0.0001,0.0001,0.0039,0.00475,0.02821,0
939349,0.02843,0.05192,0.09055,0.00391,0.0001,0.0001,0.00589,0.01551,0.01487,0.12108,0
939393,0.00331,0.00331,0.0067,0.0001,0.00331,0.0001,0.0001,0.0001,0.0001,0.0067,0
939397,0.09907,0.06556,0.14594,0.0001,0.00492,0.00497,0.00493,0.00916,0.01092,0.22597,0
939591,0.19253,0.17893,0.41165,0.01853,0.02029,0.00145,0.01114,0.04655,0.06965,0.53453,0
939617,0.15843,0.11542,0.19954,0.0091,0.012,0.00115,0.00493,0.02076,0.03386,0.32404,0
940329,0.02647,0.02407,0.03531,0.0001,0.00333,0.00305,0.0036,0.00538,0.01906,0.04272,0
941119,0.05019,0.05991,0.26139,0.0001,0.0001,0.0001,0.00516,0.00581,0.03636,0.28494,0
941156,0.07681,0.07988,0.1682,0.00503,0.00782,0.00168,0.01,0.02014,0.04197,0.20611,0
941320,0.00859,0.0001,0.0001,0.0001,0.0001,0.0001,0.0001,0.0001,0.0001,0.0001,0
941485,0.01447,0.0053,0.04302,0.0001,0.004,0.00131,0.0116,0.00489,0.00854,0.041,0
941507,0.04115,0.05182,0.02788,0.00328,0.00109,0.0001,0.00223,0.00476,0.00967,0.07004,0
942414,0.05,0.02179,0.06737,0.0001,0.01182,0.0001,0.00786,0.00568,0.01019,0.09987,0
942907,0.01264,0.01025,0.04359,0.00204,0.0001,0.0001,0.05306,0.00215,0.004,0.00101,0
942925,0.03893,0.04481,0.06074,0.00235,0.00353,0.0001,0.0059,0.00831,0.01725,0.08831,0
943579,0.02122,0.03155,0.06192,0.0001,0.006,0.0001,0.00299,0.00749,0.00354,0.07998,0
944457,0.04977,0.0515,0.231,0.01036,0.0001,0.00517,0.0001,0.06988,0.03246,0.1971,0
944653,0.02462,0.0001,0.09286,0.00451,0.00319,0.01162,0.01243,0.00624,0.02062,0.09511,0
945267,0.02543,0.0399,0.03982,0.00365,0.0075,0.00376,0.01124,0.0001,0.01888,0.06084,0
945328,0.0001,0.01826,0.00259,0.0001,0.0001,0.0001,0.00257,0.00515,0.0001,0.00256,0
945549,0.01894,0.01975,0.13795,0.00173,0.00173,0.00176,0.00171,0.01299,0.00997,0.14121,0
945567,0.00707,0.0001,0.0197,0.0001,0.0001,0.0001,0.00705,0.0001,0.0001,0.01972,0
945753,0.0001,0.0001,0.00308,0.0001,0.0001,0.0001,0.0001,0.0001,0.0001,0.00308,0
946020,0.04787,0.05028,0.04062,0.0001,0.0001,0.0001,0.00492,0.01476,0.0001,0.07122,0
946610,0.09755,0.09616,0.13545,0.00141,0.00282,0.0001,0.00281,0.00774,0.02408,0.20891,0
948876,0.01577,0.02491,0.05216,0.00119,0.00119,0.0001,0.0001,0.00239,0.0012,0.07348,0
949173,0.0001,0.05976,0.01272,0.0001,0.0001,0.00641,0.0001,0.01886,0.00719,0.01275,0
949192,0.00035,0.00515,0.01117,0.0001,0.0001,0.0001,0.00314,0.00638,0.00154,0.0068,0
949216,0.02496,0.00618,0.10541,0.02677,0.0001,0.0001,0.01014,0.00781,0.10658,0.02379,0
949625,0.02239,0.00756,0.02563,0.00692,0.00482,0.00071,0.01817,0.00794,0.01871,0.02191,0
950082,0.00753,0.00442,0.01936,0.00049,0.00247,0.00098,0.00197,0.00505,0.00756,0.01839,0
950092,0.02456,0.04816,0.11891,0.01945,0.00335,0.00318,0.00325,0.0001,0.03749,0.12959,0
951484,0.01778,0.03103,0.05346,0.00138,0.00275,0.00272,0.01847,0.01403,0.00572,0.05198,0
951499,0.02754,0.06035,0.29193,0.00252,0.0001,0.00498,0.01289,0.03717,0.05897,0.29332,0
951896,0.06888,0.07595,0.18098,0.05244,0.00494,0.00245,0.00328,0.02057,0.02552,0.18147,0
951905,0.01642,0.02653,0.02873,0.00114,0.00114,0.0001,0.0064,0.0038,0.00653,0.04505,0
951964,0.02711,0.03058,0.04208,0.00625,0.0031,0.0001,0.01442,0.00298,0.01118,0.05527,0
952873,0.05324,0.08164,0.07485,0.02394,0.00541,0.00329,0.01475,0.01466,0.02571,0.11461,0
952886,0.0537,0.0439,0.07599,0.00389,0.00206,0.0001,0.00405,0.03389,0.02117,0.09175,0
953099,0.17434,0.14505,0.30327,0.02811,0.00375,0.00319,0.00714,0.02691,0.04528,0.4194,0
953102,0.14994,0.0619,0.55543,0.00822,0.00629,0.00134,0.01117,0.05633,0.07392,0.63145,0
953115,0.02639,0.00522,0.05913,0.0001,0.0001,0.0001,0.00755,0.00678,0.00835,0.07119,0
953164,0.07697,0.08294,0.19865,0.01095,0.0001,0.02191,0.02251,0.03928,0.02224,0.20945,0
953429,0.01817,0.1039,0.05583,0.0001,0.0001,0.0001,0.0001,0.0001,0.02879,0.13094,0
953434,0.0173,0.01062,0.0266,0.01179,0.00206,0.00149,0.00359,0.00493,0.01406,0.02568,0
953475,0.0001,0.03286,0.09739,0.0001,0.00975,0.0001,0.0001,0.00483,0.0001,0.11567,0
953529,0.01293,0.01925,0.02202,0.00554,0.0001,0.0001,0.00276,0.01175,0.00293,0.02398,0
953531,0.06146,0.04662,0.09332,0.00833,0.00551,0.0001,0.00276,0.02214,0.02334,0.12431,0
953559,0.00854,0.0001,0.01536,0.0001,0.0001,0.0001,0.0001,0.0001,0.0001,0.0239,0
954050,0.00743,0.0123,0.03742,0.00416,0.0001,0.00281,0.13194,0.00138,0.00831,0.03742,0
954438,0.05595,0.08266,0.04664,0.00252,0.0102,0.0001,0.00505,0.01165,0.00702,0.10745,0
955367,0.06881,0.0465,0.12467,0.00148,0.00746,0.00137,0.09883,0.0107,0.03617,0.08395,0
955556,0.10972,0.08559,0.13932,0.0001,0.0001,0.0001,0.03429,0.04218,0.04119,0.17257,0
955952,0.0263,0.02624,0.06569,0.01137,0.00538,0.00072,0.02769,0.00287,0.01188,0.06142,0
956412,0.01785,0.01267,0.02073,0.0001,0.0001,0.0001,0.02225,0.0001,0.0001,0.01634,0
956430,0.0001,0.00963,0.01049,0.0001,0.0001,0.0001,0.05203,0.0001,0.0016,0.01049,0
956463,0.01404,0.01133,0.04182,0.00326,0.00325,0.00081,0.00734,0.00742,0.00441,0.0411,0
956474,0.02264,0.02563,0.09659,0.0001,0.01935,0.0001,0.0001,0.0001,0.02064,0.10158,0
956710,0.00547,0.00267,0.00825,0.0001,0.0001,0.0001,0.11685,0.0001,0.00271,0.00822,0
956754,0.0001,0.0001,0.00439,0.0001,0.0001,0.0001,0.0001,0.0001,0.0001,0.00439,0
956872,0.04375,0.05012,0.12259,0.0001,0.00519,0.0001,0.05203,0.00805,0.07358,0.09913,0
957328,0.07203,0.04299,0.04917,0.00345,0.0001,0.0001,0.0001,0.0001,0.02438,0.09682,0
957532,0.05372,0.12371,0.15139,0.00818,0.00899,0.0001,0.18171,0.02407,0.00761,0.06931,0
958439,0.07455,0.16848,0.3017,0.01328,0.02893,0.0001,0.00805,0.00539,0.09885,0.37133,0
958459,0.0001,0.0001,0.00811,0.0001,0.0001,0.0001,0.0001,0.0001,0.0001,0.00811,0
958627,0.02613,0.03661,0.05537,0.00188,0.00188,0.0001,0.03172,0.00803,0.01878,0.05224,0
958754,0.0735,0.0769,0.11891,0.0001,0.00598,0.0001,0.01799,0.27227,0.04454,0.11891,0
958769,0.00495,0.0001,0.00247,0.0001,0.0001,0.0001,0.11796,0.0001,0.0001,0.00248,0
958934,0.09756,0.09317,0.20235,0.00197,0.0001,0.00095,0.003,0.01015,0.01133,0.28676,0
959816,0.04806,0.08602,0.14932,0.01381,0.00458,0.0001,0.00458,0.02079,0.01628,0.20074,0
959851,0.06778,0.0382,0.13249,0.00763,0.02022,0.00089,0.00472,0.03298,0.02946,0.14618,0
960062,0.0981,0.09869,0.18851,0.00761,0.00525,0.00218,0.00449,0.03216,0.04351,0.24369,0
960464,0.00235,0.00234,0.00356,0.0001,0.00236,0.0001,0.0001,0.0001,0.0001,0.00354,0
960848,0.04414,0.03095,0.06616,0.00183,0.0001,0.00195,0.00963,0.00756,0.01853,0.09177,0
960862,0.0111,0.01689,0.0279,0.0532,0.00277,0.0001,0.028,0.00669,0.0001,0.02813,0
961182,0.05982,0.0355,0.11078,0.00195,0.00388,0.00188,0.00395,0.03549,0.03167,0.12935,0
961507,0.14614,0.32561,0.26786,0.02925,0.0231,0.00173,0.03201,0.04769,0.0892,0.50428,0
961823,0.03483,0.03157,0.21239,0.02822,0.02383,0.0001,0.00978,0.02017,0.0191,0.19884,0
962285,0.02395,0.03192,0.04641,0.0001,0.0046,0.0001,0.03524,0.00527,0.01018,0.03783,0
962510,0.06746,0.05204,0.16759,0.00726,0.00511,0.00188,0.00873,0.02214,0.03106,0.20376,0
962516,0.07714,0.05641,0.09875,0.0001,0.00773,0.0044,0.0043,0.02577,0.01074,0.13799,0
962915,0.07382,0.07192,0.39545,0.04444,0.00364,0.00324,0.02491,0.05271,0.06507,0.36889,0
962981,0.00777,0.02435,0.00987,0.0001,0.00221,0.0001,0.0011,0.00222,0.00221,0.0298,0
963233,0.03853,0.02827,0.12678,0.01147,0.0001,0.0001,0.02465,0.01494,0.01452,0.12573,0
963289,0.05367,0.05665,0.11012,0.00433,0.0001,0.00105,0.00553,0.01968,0.03321,0.13356,0
963592,0.04633,0.05099,0.09886,0.00348,0.0023,0.0001,0.00553,0.00761,0.02218,0.12766,0
963730,0.03012,0.03402,0.10662,0.0001,0.01063,0.0001,0.00534,0.0001,0.01628,0.12436,0
963981,0.06078,0.02834,0.02427,0.00298,0.0001,0.00149,0.00298,0.00537,0.00524,0.0752,0
964035,0.00399,0.0053,0.01125,0.00181,0.0001,0.0001,0.00091,0.00256,0.01584,0.01126,0
964134,0.0217,0.01489,0.02114,0.00262,0.00439,0.00082,0.00292,0.00691,0.00353,0.03072,0
964215,0.06154,0.06894,0.12796,0.0001,0.00762,0.0001,0.0038,0.01853,0.01673,0.17074,0
964490,0.04203,0.04932,0.0706,0.00233,0.00293,0.00117,0.00291,0.0096,0.01874,0.10118,0
964636,0.1314,0.03498,0.18056,0.00392,0.02001,0.00767,0.02032,0.0336,0.03549,0.25068,0
964960,0.08654,0.06181,0.24449,0.00358,0.00718,0.0001,0.0001,0.02095,0.01573,0.3029,0
965341,0.1023,0.08101,0.19736,0.0083,0.0001,0.00825,0.0001,0.02385,0.04518,0.25448,0
965549,0.1222,0.04929,0.10525,0.01071,0.00911,0.00104,0.01116,0.02445,0.02181,0.19125,0
965976,0.06425,0.06861,0.13293,0.0185,0.01058,0.0001,0.01539,0.0382,0.05163,0.14483,0
966121,0.04485,0.06201,0.12296,0.03312,0.00918,0.00431,0.00691,0.0176,0.06691,0.11806,0
966810,0.01297,0.01757,0.02715,0.00359,0.0001,0.0001,0.00179,0.0054,0.00542,0.03573,0
967103,0.03079,0.03727,0.1379,0.0001,0.00926,0.0001,0.09992,0.01374,0.02402,0.06151,0
967116,0.05359,0.01792,0.08312,0.0001,0.01028,0.00511,0.01559,0.01253,0.0082,0.10859,0
967242,0.01549,0.01567,0.02343,0.0001,0.00188,0.00289,0.0001,0.00286,0.00771,0.03139,0
967287,0.05847,0.17485,0.30779,0.00703,0.01684,0.0001,0.01284,0.01766,0.08752,0.39512,0
968461,0.00259,0.01239,0.03992,0.0001,0.0001,0.0001,0.00291,0.00197,0.00763,0.04468,0
968695,0.01231,0.00831,0.01755,0.00457,0.0001,0.0001,0.00228,0.0001,0.00459,0.02528,0
969010,0.05977,0.04238,0.02925,0.00325,0.00653,0.0001,0.0001,0.01082,0.02125,0.06777,0
969077,0.03484,0.01796,0.04689,0.00305,0.00248,0.001,0.0037,0.0028,0.01141,0.07031,0
969177,0.02453,0.11171,0.03964,0.0001,0.00156,0.0001,0.00156,0.00155,0.00313,0.03964,0
969340,0.09095,0.07706,0.17377,0.00211,0.00212,0.00202,0.00649,0.02741,0.01242,0.23082,0
969698,0.42512,0.39816,0.06842,0.01583,0.00824,0.0001,0.01625,0.03945,0.03964,0.43783,0
969969,0.00497,0.00503,0.05732,0.00245,0.00245,0.0001,0.00245,0.00352,0.01385,0.0485,0
970238,0.02764,0.02306,0.04521,0.00297,0.0001,0.0001,0.0001,0.01348,0.00789,0.0564,0
970256,0.00355,0.00559,0.01465,0.0001,0.00113,0.00113,0.0001,0.00113,0.00113,0.01685,0
970257,0.0224,0.07105,0.0075,0.00337,0.00111,0.00338,0.00235,0.0022,0.00802,0.06959,0
970591,0.04974,0.03415,0.06398,0.00745,0.00372,0.0001,0.00495,0.01675,0.01659,0.08951,0
970727,0.02495,0.06953,0.07155,0.00863,0.00865,0.0001,0.03943,0.00795,0.00938,0.0937,0
970743,0.00644,0.00352,0.01323,0.0001,0.12003,0.0001,0.0001,0.0001,0.00479,0.01322,0
970790,0.02961,0.0182,0.07611,0.0001,0.00653,0.0001,0.00216,0.00639,0.04591,0.05981,0
971135,0.04645,0.03274,0.21998,0.01524,0.01292,0.0079,0.02547,0.03838,0.03984,0.20258,0
971152,0.00345,0.00637,0.02506,0.00484,0.00285,0.0011,0.00302,0.00665,0.00823,0.01884,0
971542,0.04607,0.04941,0.08095,0.0001,0.00786,0.0001,0.00786,0.00813,0.00375,0.11437,0
971668,0.11303,0.02138,0.0403,0.0001,0.0001,0.0001,0.0001,0.0001,0.01271,0.0403,0
971705,0.09964,0.01637,0.02871,0.09808,0.00234,0.0001,0.00116,0.0001,0.1051,0.02325,0
971809,0.02558,0.01738,0.13356,0.02138,0.0001,0.00693,0.14008,0.0001,0.03602,0.01897,0
971987,0.00389,0.0054,0.02147,0.0001,0.01507,0.0001,0.00745,0.0001,0.0038,0.0118,0
971994,0.08135,0.10701,0.19545,0.01878,0.00865,0.0001,0.00123,0.01916,0.03188,0.26452,0
972423,0.06172,0.09578,0.0565,0.00708,0.00234,0.0001,0.01654,0.00863,0.02562,0.12666,0
973658,0.00377,0.01965,0.10205,0.00194,0.0001,0.00193,0.11066,0.00203,0.00968,0.00901,0
973722,0.04529,0.09257,0.19019,0.0001,0.00522,0.0001,0.00521,0.02781,0.04418,0.23858,0
973734,0.01956,0.01331,0.08133,0.01651,0.00125,0.0001,0.01985,0.00372,0.01168,0.07733,0
973877,0.04001,0.01495,0.03043,0.00585,0.00193,0.00194,0.00194,0.00792,0.00989,0.05472,0
974394,0.02066,0.02427,0.02534,0.0001,0.0001,0.0001,0.0001,0.00812,0.00996,0.03964,0
974540,0.02336,0.03538,0.04587,0.00226,0.00454,0.0001,0.0001,0.0001,0.00907,0.07218,0
974676,0.01356,0.13071,0.0334,0.00363,0.00364,0.0001,0.00732,0.01277,0.00628,0.14402,0
974744,0.0829,0.10461,0.1765,0.00659,0.0033,0.0001,0.01328,0.00216,0.03148,0.24964,0
975105,0.02306,0.01314,0.06352,0.00135,0.00396,0.0001,0.00097,0.0053,0.0098,0.07678,0
975485,0.18661,0.15136,0.34711,0.00703,0.01258,0.0034,0.00218,0.04756,0.03044,0.47018,0
975529,0.0199,0.0177,0.04301,0.00263,0.00153,0.0001,0.01799,0.0041,0.02293,0.03998,0
975530,0.00195,0.00098,0.00537,0.01684,0.0001,0.0001,0.0001,0.0001,0.0001,0.0054,0
975536,0.00372,0.01523,0.01909,0.0001,0.00096,0.0001,0.001,0.00104,0.00186,0.03228,0
975945,0.01049,0.00479,0.03133,0.01022,0.00514,0.00457,0.06465,0.01951,0.00718,0.03133,0
976128,0.03795,0.03517,0.06241,0.00037,0.003,0.0001,0.01555,0.00645,0.01143,0.07836,0
976133,0.01331,0.00585,0.05327,0.03105,0.00208,0.0001,0.0651,0.0001,0.00417,0.00148,0
976233,0.00648,0.02345,0.02871,0.07128,0.0001,0.0001,0.00316,0.0001,0.0001,0.02871,0
976836,0.01303,0.01771,0.03693,0.00261,0.00241,0.0001,0.0012,0.00477,0.00874,0.04591,0
976969,0.01171,0.02471,0.04364,0.01486,0.00467,0.0001,0.02771,0.01185,0.00524,0.02879,0
977028,0.02784,0.00123,0.00455,0.0001,0.0001,0.0001,0.00437,0.00253,0.0001,0.02548,0
977510,0.00521,0.0071,0.02382,0.02422,0.00175,0.0001,0.00175,0.00605,0.00186,0.00066,0
977549,0.0954,0.09296,0.11017,0.00626,0.00599,0.00392,0.03695,0.01397,0.0385,0.15465,0
978533,0.02825,0.07581,0.06553,0.00358,0.01327,0.0001,0.01265,0.02281,0.02766,0.10526,0
978557,0.02012,0.05262,0.11422,0.00199,0.00397,0.00189,0.03739,0.01361,0.021,0.11583,0
982700,0.01338,0.00456,0.03636,0.0001,0.04231,0.0001,0.00271,0.00134,0.00409,0.00608,0
982732,0.01922,0.02032,0.02313,0.0001,0.0001,0.0001,0.00238,0.0069,0.0051,0.03417,0
982747,0.02562,0.02358,0.07009,0.0001,0.00245,0.00282,0.00961,0.01273,0.0163,0.07337,0
983184,0.1111,0.05342,0.10311,0.0001,0.0001,0.0001,0.0001,0.03517,0.0001,0.17904,0
983455,0.07607,0.10733,0.32527,0.05198,0.00954,0.0034,0.02015,0.03519,0.05407,0.34203,0
983722,0.01509,0.01441,0.04403,0.0001,0.00202,0.0001,0.00202,0.00992,0.0064,0.04719,0
984008,0.02935,0.01476,0.15353,0.00771,0.00385,0.0001,0.08878,0.0122,0.01897,0.08191,0
984114,0.00852,0.00887,0.03592,0.00153,0.00143,0.0001,0.00437,0.00667,0.00382,0.03375,0
984282,0.02163,0.01417,0.03357,0.0001,0.00708,0.0001,0.0001,0.00698,0.00731,0.04114,0
984374,0.01371,0.0085,0.07873,0.00108,0.00109,0.0001,0.00112,0.0044,0.01799,0.07445,0
984599,0.02856,0.04007,0.05629,0.00294,0.00244,0.0001,0.00244,0.00609,0.00622,0.08733,0
984693,0.12686,0.11812,0.27488,0.0508,0.00891,0.00519,0.01589,0.02919,0.05674,0.31657,0
984786,0.02247,0.02224,0.06923,0.00453,0.00859,0.00245,0.00397,0.01825,0.02318,0.06241,0
984833,0.04126,0.0171,0.13413,0.01019,0.00337,0.00159,0.00848,0.02235,0.03217,0.14128,0
985215,0.03051,0.01306,0.06632,0.00653,0.00157,0.0001,0.00313,0.01303,0.01951,0.07727,0
985224,0.02097,0.02241,0.09068,0.05922,0.0001,0.00159,0.00165,0.02204,0.03011,0.03024,0
986157,0.01641,0.03676,0.06209,0.00416,0.0001,0.0001,0.0001,0.00709,0.00553,0.08761,0
986167,0.01591,0.05869,0.04387,0.00334,0.00341,0.00093,0.0269,0.00729,0.00394,0.06837,0
986180,0.06849,0.07768,0.19784,0.00787,0.01198,0.00304,0.00863,0.05539,0.04385,0.20511,0
986198,0.001,0.001,0.001,0.001,0.001,0.001,0.001,0.001,0.001,0.001,0
986428,0.11617,0.10076,0.23535,0.00977,0.01433,0.00219,0.01278,0.0293,0.04438,0.3057,0
986594,0.00748,0.01154,0.04507,0.0042,0.0001,0.00205,0.00205,0.01253,0.01773,0.03784,0
987383,0.00565,0.00957,0.02446,0.00187,0.00276,0.00092,0.00374,0.00371,0.00566,0.02658,0
987906,0.00948,0.03177,0.0145,0.00325,0.00615,0.0001,0.0051,0.0063,0.01318,0.03309,0
988292,0.00935,0.00942,0.03023,0.00286,0.0043,0.00169,0.24759,0.00649,0.00634,0.03023,0
988945,0.03167,0.01557,0.03812,0.0001,0.0001,0.0001,0.0001,0.01511,0.0001,0.05468,0
989185,0.01814,0.02385,0.14132,0.0001,0.0001,0.0001,0.0001,0.03355,0.0001,0.13162,0
989322,0.02476,0.0361,0.08386,0.00806,0.00271,0.0001,0.00999,0.0135,0.02112,0.09648,0
989349,0.02695,0.01482,0.03092,0.00225,0.00225,0.0001,0.0045,0.00631,0.00762,0.04707,0
989436,0.001,0.001,0.001,0.001,0.001,0.001,0.001,0.001,0.001,0.001,0
989696,0.00095,0.02012,0.00452,0.00576,0.0003,0.0001,0.01313,0.00097,0.00898,0.01053,0
989777,0.01133,0.01402,0.04098,0.0011,0.00219,0.0001,0.00219,0.00383,0.01277,0.04223,0
990026,0.01371,0.01892,0.01155,0.0001,0.00264,0.0001,0.0001,0.00376,0.00189,0.02406,0
990068,0.01892,0.0001,0.06411,0.0001,0.00901,0.0001,0.0001,0.03538,0.01331,0.03865,0
990103,0.10002,0.09246,0.12664,0.01047,0.00549,0.0001,0.02306,0.01982,0.02372,0.18378,0
990249,0.0079,0.01652,0.01536,0.0001,0.0001,0.0001,0.00276,0.00553,0.0001,0.02359,0
990289,0.01608,0.01266,0.02376,0.0021,0.00166,0.0001,0.00238,0.0043,0.00569,0.03315,0
990803,0.0001,0.01945,0.05307,0.0001,0.0001,0.0001,0.0001,0.0001,0.01283,0.05969,0
991045,0.0695,0.06773,0.07186,0.0001,0.00252,0.00717,0.05736,0.01058,0.0155,0.07341,0
991218,0.00378,0.00891,0.04969,0.00319,0.00618,0.0001,0.04571,0.00355,0.01188,0.00934,0
991273,0.00273,0.0378,0.03179,0.01288,0.00612,0.0001,0.0035,0.0243,0.03968,0.02991,0
991300,0.03296,0.03783,0.03232,0.00132,0.00264,0.0001,0.00132,0.00133,0.00663,0.06352,0
992423,0.00137,0.0151,0.01978,0.00124,0.0001,0.0001,0.00125,0.0001,0.02277,0.01211,0
992633,0.05018,0.11274,0.15452,0.00903,0.0044,0.00898,0.0001,0.03026,0.02273,0.21899,0
992961,0.19061,0.06106,0.37164,0.01008,0.01007,0.0001,0.06658,0.04751,0.04084,0.44816,0
993257,0.10213,0.0985,0.16009,0.01359,0.0001,0.0001,0.01341,0.02785,0.02912,0.22078,0
993477,0.03941,0.06015,0.07815,0.0001,0.00528,0.0001,0.0001,0.02164,0.03858,0.09972,0
993606,0.07061,0.07791,0.21172,0.00691,0.00714,0.00213,0.06556,0.02508,0.02932,0.19899,0
993694,0.03893,0.11616,0.1053,0.00553,0.00553,0.0001,0.00454,0.00576,0.03947,0.18199,0
994084,0.03458,0.01103,0.05214,0.0001,0.0001,0.0001,0.13032,0.0001,0.01847,0.05214,0
994223,0.03735,0.06998,0.13581,0.00121,0.00243,0.0001,0.00732,0.00312,0.13133,0.07446,0
994448,0.01197,0.01081,0.09879,0.01075,0.0001,0.00562,0.01498,0.01978,0.02268,0.07461,0
994483,0.01479,0.01929,0.05216,0.00608,0.004,0.00272,0.0001,0.0001,0.00758,0.06265,0
994577,0.01149,0.00814,0.04193,0.0001,0.00241,0.0001,0.00245,0.00255,0.00351,0.04843,0
994867,0.00433,0.02602,0.08631,0.02906,0.01293,0.0001,0.08244,0.0001,0.01567,0.0299,0
995244,0.06134,0.0717,0.21844,0.0001,0.0089,0.0001,0.0001,0.00478,0.07226,0.21788,0
995313,0.0001,0.0001,0.00691,0.00136,0.0001,0.0001,0.00142,0.0001,0.0001,0.00549,0
995318,0.03068,0.03863,0.1406,0.00634,0.00879,0.0001,0.01442,0.0417,0.02265,0.12311,0
995485,0.00812,0.04561,0.10878,0.00629,0.01282,0.0021,0.00847,0.02755,0.02536,0.11192,0
995528,0.01703,0.06802,0.13122,0.01051,0.01743,0.0001,0.00931,0.01763,0.0001,0.16418,0
995561,0.03431,0.03468,0.07354,0.00496,0.00602,0.00158,0.02434,0.00563,0.00564,0.07826,0
996035,0.00928,0.00933,0.01799,0.00248,0.00079,0.00158,0.00237,0.00219,0.00698,0.02033,0
996377,0.023,0.02056,0.05551,0.00226,0.00302,0.00132,0.00246,0.00741,0.02779,0.05072,0
996427,0.24757,0.01391,0.07501,0.0085,0.01712,0.0001,0.0001,0.01695,0.00852,0.07501,0
996434,0.03444,0.18798,0.40172,0.0001,0.01141,0.0001,0.00569,0.03722,0.05809,0.53162,0
996436,0.01815,0.01309,0.02996,0.00276,0.0001,0.0001,0.00557,0.0001,0.00958,0.03853,0
996870,0.0984,0.06834,0.21832,0.0352,0.00778,0.00095,0.00818,0.01136,0.04462,0.2692,0
997001,0.00237,0.0001,0.0001,0.0001,0.0001,0.0001,0.0001,0.0001,0.0001,0.0001,0
997046,0.0001,0.0017,0.01051,0.0017,0.0001,0.0001,0.00562,0.0001,0.01072,0.00149,0
997282,0.00912,0.05922,0.01907,0.0001,0.0001,0.0001,0.00104,0.00379,0.01934,0.01907,0
997417,0.02661,0.01522,0.03525,0.00077,0.00311,0.00077,0.00467,0.00653,0.00848,0.05066,0
997743,0.023,0.02068,0.08749,0.00129,0.00259,0.0001,0.00648,0.0101,0.01948,0.09101,0
997853,0.00443,0.00443,0.00101,0.0001,0.00111,0.0001,0.0001,0.0001,0.00331,0.0001,0
997982,0.02518,0.00689,0.04823,0.00634,0.00631,0.0001,0.0001,0.00632,0.0001,0.06075,0
997990,0.06245,0.03703,0.13549,0.00451,0.00868,0.00108,0.00914,0.01733,0.03423,0.16371,0
998020,0.02488,0.04883,0.18137,0.0001,0.00517,0.00354,0.01496,0.02866,0.02427,0.18657,0
998030,0.01572,0.04447,0.03822,0.0001,0.00988,0.0001,0.00493,0.0001,0.00996,0.07274,0
998691,0.02284,0.02816,0.0781,0.0001,0.00373,0.0001,0.0001,0.00642,0.02033,0.08594,0
998788,0.01071,0.00791,0.01226,0.00348,0.0001,0.0001,0.0001,0.0001,0.00238,0.01948,0
998960,0.00636,0.01229,0.04345,0.00484,0.0001,0.0001,0.00157,0.00315,0.0096,0.04615,0
999016,0.03891,0.05679,0.16945,0.0001,0.00619,0.0001,0.00618,0.01847,0.02586,0.20038,0
999042,0.00602,0.03582,0.16368,0.14698,0.0001,0.0001,0.01133,0.01434,0.03768,0.03818,0
999069,0.00681,0.00586,0.02359,0.0001,0.0001,0.0001,0.00587,0.00526,0.0001,0.01927,0
999139,0.01165,0.00725,0.0207,0.0001,0.0001,0.0001,0.0001,0.00088,0.00521,0.02714,0
999464,0.0118,0.01816,0.06293,0.0414,0.00122,0.00125,0.00361,0.01392,0.03465,0.02452,0
999465,0.03588,0.04172,0.10494,0.03283,0.002,0.00218,0.00874,0.0238,0.03406,0.08785,0
999520,0.01279,0.02401,0.09835,0.00316,0.00632,0.00312,0.0001,0.01713,0.01898,0.09579,0
999580,0.02212,0.03564,0.04385,0.0001,0.00659,0.0001,0.00329,0.0001,0.00776,0.07173,0
