,fpr,tpr
1000131,0.04593929450369155,1.0
1000249,0.014928384103288278,1.0
1000358,0.006568471337579618,0.9756733275412685
1000360,0.004618473895582329,0.9785714285714285
1000362,0.0008014425966740132,0.8786610878661087
1000739,0.0,1.0
1000809,0.007317073170731708,0.9797101449275363
1000823,0.003198720511795282,0.9836223506743738
1001353,0.0025875796178343948,0.9533678756476683
1002798,0.038461538461538464,1.0
1002891,0.032525378081624194,0.9788519637462235
1002933,0.015261044176706828,0.9493506493506494
1003383,0.0007960199004975124,0.968421052631579
1003384,0.0006008411776487082,1.0
1003817,0.0,1.0
1003905,0.005739164852562834,0.9824945295404814
1004146,0.0005971337579617834,0.9565217391304348
1004368,0.004012036108324975,0.9384615384615385
1004406,0.0003971405877680699,0.9525065963060686
1004511,0.0023894862604540022,0.9433962264150944
1004593,0.0,0.9958677685950413
1004845,0.010631895687061183,0.9838541666666667
1005043,0.003107399495047582,0.9591218773656321
1005337,0.0017371163867979154,0.9336650082918739
1005341,0.001991238550378335,0.9481566820276498
1006391,0.002196485623003195,0.9292035398230089
1006570,0.0,1.0
1006589,0.002396644697423607,0.9417040358744395
1006742,0.004388589666866148,0.9446902654867256
1007251,0.00019924287706714485,0.9651162790697675
1007342,0.00039439952672056796,0.9879518072289156
1007426,0.0015958507879513266,0.9763092269326683
1008205,0.018129965369729068,1.0
1008600,0.0,0.9634146341463414
1008660,0.0023636005515067955,0.9636711281070746
1008831,0.01925805797689033,0.944327731092437
1008886,0.006889564336372847,0.9209039548022598
1008898,0.005349712700614226,0.9685863874345549
1008899,0.015519705942413723,1.0
1008909,0.008259468170829976,0.9559014267185474
1009169,0.005430410297666935,1.0
1009206,0.0022022022022022024,1.0
1009324,0.0013997200559888023,1.0
1009355,0.01411446249033256,0.9661105318039624
1009414,0.002786624203821656,0.9601990049751243
1009498,0.003379721669980119,0.8727272727272727
1009703,0.0007977662544874351,0.9464285714285714
1009709,0.01498800959232614,0.9705159705159705
1009819,0.0005903187721369539,0.9920273348519362
1009823,0.00464740351586179,0.9570552147239264
1010132,0.0003979307600477517,1.0
1010297,0.0008009611533840609,1.0
1010344,0.026650989613952576,1.0
1010356,0.0,0.8648648648648649
1010483,0.00853658536585366,0.9711538461538461
1010709,0.018010471204188482,0.948780487804878
1010811,0.0008003201280512205,1.0
1011323,0.050268229684085036,1.0
1011337,0.0,0.9831932773109243
1011498,0.0007936507936507937,0.9142857142857143
1011982,0.0,1.0
1011989,0.0005942947702060222,0.8089171974522293
1012179,0.003787123779150887,0.9218106995884774
1012299,0.0001999600079984003,0.9583333333333334
1012300,0.0002,1.0
1012349,0.0027526543452615023,0.9270833333333334
1012492,0.0,0.7692307692307693
1012571,0.00039556962025316455,1.0
1013162,0.024751580849141825,1.0
1013366,0.0665667808219178,1.0
1013766,0.0008017638805371818,1.0
1014071,0.010141181149333864,0.9951923076923077
1014303,0.0005984440454817474,0.9390243902439024
1014351,0.02235410484668645,0.9752988047808765
1014402,0.00219210840972499,0.9419889502762431
1014824,0.0009964129135113591,0.9021739130434783
1015315,0.0021821067248561795,0.9649122807017544
1015847,0.0,1.0
1016014,0.002201761409127302,0.9743589743589743
1016374,0.00040032025620496394,0.9894179894179894
1016509,0.00019992003198720512,1.0
1016545,0.006349856616140926,0.9981949458483754
1016898,0.0018075918859208676,1.0
1016915,0.004984051036682616,0.9541547277936963
1016928,0.009681323114158934,0.8419117647058824
1016970,0.018178145829125428,1.0
1017127,0.0,1.0
1017138,0.0034163987138263667,0.9646017699115044
1017165,0.0022172949002217295,0.9951100244498777
1017334,0.019751442521083,0.9853747714808044
1017399,0.0,1.0
1017489,0.02745810619826368,1.0
1017580,0.0,0.9830508474576272
1017637,0.0,1.0
1017932,0.010564082120789317,1.0
1018068,0.001,0.9446808510638298
1018616,0.01923872569300786,0.9852135815991238
1018681,0.011605824013504958,0.9962299717247879
1018699,0.006350466362373487,0.9791666666666666
1018851,0.003026634382566586,1.0
1019077,0.0034122842232035327,0.946236559139785
1019157,0.0,0.82
1019470,0.010362694300518135,0.9936708860759493
1019472,0.0035721373288350863,0.974169741697417
1019797,0.01794771751853297,1.0
1019829,0.000791295746785361,0.9
1019841,0.019647559246505974,0.942883046237534
1019860,0.002639058059277304,0.9805194805194806
1020173,0.0025188916876574307,1.0
1020342,0.001001201441730076,0.9615384615384616
1020388,0.006281900274833137,0.9872122762148338
1020406,0.0005954743946010321,0.9523809523809523
1020497,0.002243982048143615,0.967032967032967
1020514,0.0041211621677313005,0.9916142557651991
1020717,0.0029562475364603865,0.9291845493562232
1021076,0.0010054293183189222,0.9465875370919882
1021142,0.014388489208633094,0.9522292993630573
1021236,0.0017967658215212617,0.9779411764705882
1021276,0.0,1.0
1021354,0.0014008405043025814,0.9672131147540983
1021630,0.0024009603841536613,0.9545454545454546
1021756,0.0,1.0
1021872,0.0016012810248198558,0.9411764705882353
1021987,0.0,0.9024390243902439
1022106,0.006787781992413655,1.0
1022107,0.004785643070787637,0.9588785046728971
1022226,0.0015710919088766694,0.9889173060528559
1022234,0.008159203980099502,0.9607476635514018
1022712,0.0018285249898415277,0.9899665551839465
1023107,0.014860681114551083,0.9727810650887574
1023706,0.005009016229212583,1.0
1023854,0.0046719875413665565,1.0
1023897,0.014711809754131399,0.9331919406150583
1023904,0.004051863857374392,0.9934640522875817
1024194,0.004931939238508582,1.0
1024270,0.00617652918908149,1.0
1024352,0.007167031654389807,0.9639917695473251
1024362,0.010715729882733522,0.9940253920836445
1024389,0.004790419161676647,0.9767441860465116
1024427,0.004030632809351068,0.976303317535545
1024606,0.006248779535247022,1.0
1024726,1.0,
1024763,0.0004027386226339106,0.9701492537313433
1024981,0.0005959475566150178,1.0
1025054,0.028787260106165783,1.0
1026000,0.0,1.0
1026103,0.006239935587761675,0.9795158286778398
1026215,0.004111842105263158,0.9977827050997783
1026365,0.0033844316145729644,1.0
1026946,0.0004007212983370066,1.0
1026977,0.002989238740534077,1.0
1027012,0.0,0.7966101694915254
1027206,0.004609218436873747,0.958904109589041
1027394,0.0017903322060871295,0.901840490797546
1027791,0.015547139724935221,0.9618138424821002
1027806,0.015796840631873626,1.0
1028174,0.00019646365422396856,0.9447368421052632
1028193,0.008226324237560192,1.0
1028294,0.00020100502512562814,0.9611111111111111
1028306,0.0,0.85
1028378,0.0002,1.0
1028571,0.003999200159968006,0.9507575757575758
1028800,0.001820020222446916,0.9947368421052631
1028944,0.00039635354736424893,1.0
1029289,0.0012045773940975708,0.987012987012987
1029473,0.00040016006402561027,1.0
1029643,0.0007990411506192569,0.9411764705882353
1029924,0.0019972039145196726,0.9224806201550387
1030062,0.0008009611533840609,0.9892183288409704
1030218,0.004163362410785091,0.9580152671755725
1030936,0.011788211788211789,0.9571428571428572
1030957,0.013157894736842105,0.9396039603960396
1030997,0.00039880358923230307,0.968
1031205,0.0,0.9655172413793104
1031818,0.016390243902439025,1.0
1031917,0.0,1.0
1032123,0.0,0.8802588996763754
1032315,0.003007217321571772,0.9580152671755725
1032760,0.00019976028765481422,1.0
1033257,0.0013913734843967402,0.952755905511811
1033267,0.0,1.0
1033481,0.006808014005057382,1.0
1033745,0.0005992808629644426,1.0
1033755,0.0031708283789139914,0.9557109557109557
1034151,0.025743364597884653,1.0
1034252,0.0013963694394574107,0.9741379310344828
1034292,0.0008066142367412785,1.0
1034435,0.0015399422521655437,0.8206896551724138
1034674,0.0017479122159642648,0.8652291105121294
1034722,0.00040096230954290296,0.8921568627450981
1034783,0.0,0.972972972972973
1034825,0.007726482518833301,1.0
1034877,0.0002008838891120932,0.8388429752066116
1034878,0.0004,1.0
1034931,0.0013986013986013986,1.0
1034939,0.005601120224044809,0.9522968197879859
1035193,0.006845052893590542,0.9736842105263158
1035329,0.0026114905584572116,0.9880239520958084
1035432,0.002413515687851971,0.9585921325051759
1036280,0.0,1.0
1036360,0.004020100502512563,1.0
1036445,0.0057271425649417056,0.9866803278688525
1036928,0.0006007208650380457,1.0
1036981,0.00019860973187686197,0.89
1037065,0.0014016820184221065,1.0
1037207,0.0014053402931138326,1.0
1037297,0.00040016006402561027,0.967741935483871
1037667,0.0,1.0
1037830,0.04099530899449317,1.0
1039322,0.008650170991752162,1.0
1039413,0.0003991219317501497,1.0
1039549,0.005488920512299248,0.9820574162679426
1039927,0.0030144694533762056,1.0
1040389,0.003601440576230492,0.9668508287292817
1040472,0.011887970985291155,0.9606373008434864
1040870,0.0004008819402685909,0.9950248756218906
1041685,0.001200240048009602,1.0
1042013,0.0011956954962136308,0.9661016949152542
1042103,0.013185002060156572,0.9926253687315634
1042176,0.013192612137203167,1.0
1042195,0.00019940179461615153,0.9066666666666666
1043046,0.009482418016594232,1.0
1043123,0.001001401962747847,0.9910714285714286
1043560,0.0005933544303797469,0.9621928166351607
298024,0.004,1.0
300366,0.0,1.0
302267,0.027050053248136315,0.9626666666666667
303017,0.012723168479376155,1.0
304803,0.001200240048009602,0.963963963963964
307058,0.006190095846645367,0.9626556016597511
308129,0.0043179587831207065,0.911864406779661
308904,0.0011705033164260631,0.9344262295081968
309286,0.0004004004004004004,0.9882352941176471
310286,0.0005995203836930455,0.8901098901098901
311937,0.0021938571998404467,0.9649122807017544
311939,0.0039494470774091624,0.9794721407624634
312035,0.00039277297721916735,0.899581589958159
312251,0.01721137110810288,1.0
312264,0.10743801652892562,1.0
312335,0.009831460674157303,0.9249146757679181
312382,0.0,0.9927536231884058
312415,0.00672782874617737,0.9403973509933775
312422,0.0,1.0
312479,0.0003975352812562115,0.9748427672955975
312482,0.002607300441235459,0.9805194805194806
312526,0.0061525840853158325,0.9568527918781726
312791,0.002007226013649137,0.9790209790209791
312840,0.0023894862604540022,1.0
313186,0.0008011215701982776,1.0
313321,0.0026705012325390306,0.9545454545454546
314774,0.00962502506516944,1.0
316054,0.001744524132583834,0.9902676399026764
316390,0.0190325138778747,1.0
316858,0.018401015228426396,0.9177262528047868
316992,0.058039552880481515,1.0
317930,0.00684655658477648,1.0
318962,0.0,1.0
319153,0.0,0.9817073170731707
320231,0.007809371245494593,1.0
320867,0.031300813008130084,1.0
321888,0.0004004004004004004,1.0
323054,0.04354742493537483,1.0
331512,0.00713577799801784,0.9441860465116279
333782,0.002736512900703675,0.9432314410480349
362017,0.0035899481451934583,0.910958904109589
574291,0.007050528789659225,1.0
574371,0.0022026431718061676,0.9432624113475178
575097,0.006219903691813804,0.9614512471655329
575102,0.0,1.0
575116,0.007434197307615029,1.0
575124,0.0015996800639872025,0.9656862745098039
580586,0.011182439428453097,0.9864253393665159
580706,0.0005972526378658173,0.9473684210526315
580846,0.0011942675159235668,1.0
581617,0.002196485623003195,0.9582309582309583
582240,0.0014047762392133253,0.9801587301587301
582283,0.0047562425683709865,0.9513888888888888
582948,0.0010046212577858146,0.9631901840490797
583853,0.0031929754540011976,1.0
584493,0.006022925976296872,0.9325842696629213
584518,0.0,0.9957446808510638
584546,0.0,0.9107692307692308
585218,0.0030241935483870967,0.9923076923076923
585579,0.008750508750508751,0.9563492063492064
586069,0.004885675200312683,1.0
587075,0.059577989242863054,1.0
589899,0.0028095524784266506,0.9591836734693877
597892,0.00780127283925272,0.9946332737030411
598421,0.0031923383878691143,0.9863013698630136
600051,0.000969743987587277,0.9772079772079773
600056,0.0003968253968253968,1.0
602803,0.00040666937779585197,0.9980842911877394
603657,0.0,1.0
603719,0.0010008006405124099,1.0
603771,0.003003003003003003,0.9781818181818182
603843,0.0023995200959808036,0.987460815047022
604469,0.006484149855907781,0.9941383352872216
604470,0.0037437603993344427,0.9156193895870736
604655,0.020361990950226245,0.9215686274509803
604852,0.0003980099502487562,0.9565217391304348
611311,0.0013994402239104358,1.0
611327,0.0,0.9821428571428571
611386,0.00020004000800160032,0.9859154929577465
613097,0.011235955056179775,0.9060052219321149
613216,0.006665320137345991,0.9774096385542169
618014,0.00039984006397441024,0.9927536231884058
625478,0.0052440500201694235,0.9404761904761905
626025,0.002376237623762376,0.948
628759,0.0011926058437686344,0.9305555555555556
637887,1.0,
638428,0.0014036494886705434,0.9339080459770115
638985,0.001195219123505976,0.9744186046511628
644256,0.0,1.0
644298,0.0037735849056603774,0.9240506329113924
646024,0.00039603960396039607,0.9835294117647059
648948,0.002002803925495694,0.9766536964980544
649330,0.0,0.9512195121951219
650229,0.02241875771287536,1.0
653346,0.0012133468149646107,1.0
653349,0.0,0.9709302325581395
653856,1.0,
653857,0.0,0.9696969696969697
653902,0.0027994401119776045,0.9728260869565217
654466,0.009322198485142746,0.9817351598173516
657380,0.004865193594161768,1.0
657402,0.0,0.9888475836431226
657601,0.005396761942834299,0.9154929577464789
657983,0.019615692554043235,0.9381443298969072
661709,0.0012012012012012011,0.9166666666666666
661733,0.001408167370750352,0.9696969696969697
665896,0.0016028851933480265,1.0
666068,0.001600640256102441,0.9752066115702479
670148,0.00019755037534571315,0.9937733499377335
670155,0.0012004801920768306,0.9925093632958801
673525,0.00020132876988121604,0.9453125
674209,0.0,0.9891891891891892
674300,0.0,0.9919517102615694
678190,0.0012070006035003018,0.9963235294117647
678194,0.0008149959250203749,0.9274193548387096
680549,0.0,0.9970059880239521
684570,0.004661532225374949,1.0
685139,0.001799280287884846,0.9869451697127938
685462,0.0004,1.0
687821,0.008,1.0
690196,0.0009998000399920016,0.9137931034482759
690311,0.0044,1.0
691234,0.012226899178192023,0.965669014084507
691685,0.022182960345504515,0.991270611057226
693427,0.0055621771950735005,0.9872448979591837
695193,0.0001998800719568259,1.0
695546,0.00141643059490085,0.9944933920704846
695711,0.014046121593291404,0.9539568345323741
695743,0.0012028869286287089,0.9621212121212122
695763,0.0,1.0
700018,0.0,0.9969230769230769
700359,0.002037074760643716,0.9764216366158114
700409,0.01144118827780008,0.9682899207248018
701567,0.0007947546195112259,0.9567901234567902
702163,0.0003969829297340214,0.891156462585034
704236,0.0018226002430133657,0.9743589743589743
707120,0.0008022462896109105,0.9953271028037384
707131,0.002155594748187341,1.0
712785,0.014157818030397668,0.9214929214929215
712853,0.0008020854220974534,0.9815950920245399
716261,0.0017737485218762318,0.994535519125683
717931,0.0047553001783237564,0.8811881188118812
718466,0.004496578690127077,0.908695652173913
718542,0.014303228442991417,1.0
718587,0.0006010819475055099,0.9285714285714286
721530,0.004013646397752358,0.918918918918919
721839,0.007272727272727273,0.9685714285714285
726015,0.0014011208967173738,0.959731543624161
726457,0.0025455257489719993,0.9173553719008265
726596,0.0010034115994380895,0.9743589743589743
726827,0.002014098690835851,0.9960264900662251
729125,0.0015920398009950248,0.976
731121,0.00040016006402561027,0.9166666666666666
732092,0.0031783869686134287,0.9811320754716981
736823,0.00482439212659205,0.9647946353730092
738094,0.0006010819475055099,0.9420289855072463
739516,1.0,
739670,0.0004004004004004004,0.9869565217391304
739677,0.007352941176470588,1.0
739678,0.027015437392795882,0.9309494451294698
741327,0.005668016194331984,0.9307692307692308
741693,0.000998402555910543,0.9621451104100947
744619,0.002807862013638187,0.9628712871287128
745941,0.00020092425155716296,0.9914163090128756
746262,0.005189620758483034,0.9448275862068966
746321,0.0004005607850991388,1.0
746367,0.0436971405557793,1.0
750052,0.0025450274079874707,1.0
751685,0.0016051364365971107,1.0
751692,0.009135200974421437,0.9787234042553191
751964,0.003812199036918138,0.935672514619883
752457,0.05356808391084473,1.0
753353,0.0077288941736028535,0.9395973154362416
754321,0.0351493848857645,1.0
755059,0.004169148302561048,0.9517426273458445
757883,0.003225156218504334,0.9927797833935018
757940,0.017044273539804613,1.0
767998,0.0030290791599353797,0.9828326180257511
768973,0.0024014408645187113,0.9642857142857143
769904,0.004619401486242217,1.0
771400,0.00019932230416583617,0.99812382739212
771980,0.020226537216828478,1.0
773891,0.01155277070687292,0.955487336914812
773920,0.03783680489203134,1.0
775374,0.0008014425966740132,1.0
775698,0.0012024048096192384,0.9375
776895,0.0018039687312086591,0.9421487603305785
777146,0.03464203233256351,1.0
777210,0.0024096385542168677,0.996875
777213,0.023770824867939862,1.0
777836,0.014453125,1.0
778335,0.012407991587802314,0.9902173913043478
779952,0.0038038038038038036,0.946031746031746
781304,0.027500996412913512,0.9980713596914176
781307,0.00762133975130365,1.0
782049,0.0003959611958028113,0.9230769230769231
782057,0.014385692068429238,0.8921859545004945
784243,0.00019920318725099602,1.0
784592,0.0022172949002217295,0.9860724233983287
784791,0.019107142857142857,1.0
784811,0.007138607971445568,0.9359430604982206
785737,0.013272583201267828,0.9460737937559129
788186,0.002814070351758794,0.9661971830985916
788219,0.002368732727990525,0.9516129032258065
788252,0.0,1.0
788445,0.004216020879341498,0.9713375796178344
789943,0.0003999200159968006,0.8421052631578947
790192,0.00039984006397441024,0.9598108747044918
790760,0.0010026067776218166,0.940677966101695
790791,0.029447852760736196,0.9677777777777777
790851,0.000996810207336523,0.9424460431654677
791466,0.018954384503228495,0.9673202614379085
791497,0.004709576138147566,0.9727979274611399
791530,0.001393312101910828,0.8747346072186837
793684,0.013155231734466708,1.0
793783,0.025754372477416874,0.9414255469301341
795052,0.0,1.0
795176,0.01333872271624899,1.0
796375,0.0040436716538617065,0.900516795865633
796462,0.02101651297447995,0.9814385150812065
797822,0.03351836037574722,1.0
797849,0.017655512215150892,0.9567448680351907
798152,0.003639304488475536,0.9732142857142857
798411,0.008967716221602232,1.0
798573,0.004622186495176849,0.9821109123434705
799247,0.006783719074221868,0.9383033419023136
799663,0.0018307567127746134,0.9790794979079498
799732,0.0058184639255236615,0.9373104145601617
800383,0.00039824771007566706,1.0
800391,0.015879478827361564,0.9812446717817562
800394,0.0,1.0
800416,0.0039016777214202106,1.0
801479,0.00521669341894061,0.976878612716763
801813,0.0024106066693451184,0.9732620320855615
802516,0.0003845414343395501,0.993517017828201
802526,0.00020016012810248197,1.0
803101,0.004453049370764763,1.0
803352,0.00019952114924181964,0.8181818181818182
803879,0.048187808896210875,1.0
804422,0.0016093341380004024,0.994413407821229
805662,0.003895038950389504,0.9617224880382775
805663,0.002623083131557708,0.9579207920792079
805749,0.0,1.0
805750,0.003421211511370497,1.0
805788,0.003201921152691615,0.9776674937965261
805789,0.0010086746015735323,0.9680851063829787
806622,0.0007925500297206261,0.9747899159663865
806666,0.0008048289738430583,1.0
806670,0.0008022462896109105,1.0
806901,0.003992812936713915,1.0
806918,0.015298507462686567,1.0
807109,0.0028005601120224045,0.9204545454545454
807140,0.0,0.9904761904761905
807142,0.004452539971665654,1.0
807158,0.0,1.0
807160,0.0,1.0
807184,0.0011727912431587178,0.8802395209580839
807186,0.0001996007984031936,0.9692307692307692
807205,0.002004008016032064,1.0
807209,0.0013875123885034688,0.9419354838709677
807222,0.00040048057669203043,1.0
807232,0.0,1.0
807274,0.0033824114604058893,1.0
807290,0.002369668246445498,0.9278350515463918
807335,0.00019928258270227183,0.9919028340080972
807382,0.005213555243633447,0.9763593380614657
807403,0.0,0.9714285714285714
807409,0.0016025641025641025,0.8863636363636364
807461,0.0016054585591009432,0.9923469387755102
807487,0.008141112618724558,0.9665071770334929
807494,0.0003990422984836393,0.9486166007905138
807509,0.0010006003602161296,0.9556650246305419
807540,0.0,1.0
807541,0.00020004000800160032,1.0
807543,0.006488240064882401,1.0
807592,0.005157706804205514,1.0
807597,0.0016016016016016017,1.0
807624,0.00548780487804878,0.9912087912087912
807669,0.00040016006402561027,1.0
807711,0.008819402685909,0.9514925373134329
807737,0.005262132137984798,0.9579158316633266
807754,0.0008067769261799112,1.0
807789,0.0007850834151128558,0.9783783783783784
807813,0.00038925652004671076,0.9080459770114943
807850,0.0002006823198876179,1.0
807935,0.0,1.0
807942,1.0,
808019,0.0018248175182481751,0.9864864864864865
808050,0.0001999600079984003,0.9493670886075949
808063,0.0031834460803820135,1.0
808081,0.0142885892533709,1.0
808094,0.00019940179461615153,1.0
808112,0.00259118995415587,0.9733606557377049
808115,0.0,1.0
808156,0.0,1.0
808181,0.0,0.9977528089887641
808344,0.00962502506516944,0.983218163869694
808362,0.0009932459276916965,0.9491525423728814
808378,0.005025125628140704,1.0
808412,0.008851337759002213,0.9495412844036697
808458,0.0,0.9921259842519685
808483,0.001800720288115246,0.9522058823529411
808512,0.015590200445434299,1.0
808540,0.0162097258355013,1.0
808561,0.0003990422984836393,0.9534883720930233
808569,0.0016151827175449223,0.9695431472081218
808572,0.004024954719259408,0.9727891156462585
808603,0.0019952114924181963,0.9568345323741008
808640,0.012383272431993504,0.9432624113475178
808642,0.0010028078620136383,1.0
808697,0.009419454056132258,0.9339622641509434
808700,0.0007908264136022143,0.9891696750902527
808708,0.0036159100040176776,1.0
808765,0.0,1.0
808766,0.0002,0.9862068965517241
808776,0.021810699588477367,1.0
808808,0.005080109417741305,0.9597989949748744
808815,0.0003878975950349108,0.9986376021798365
808829,0.005070993914807302,0.9809523809523809
808854,0.00040016006402561027,1.0
808895,0.002223569840307257,0.9365256124721604
809005,0.0,1.0
809033,0.00117096018735363,0.9892183288409704
809040,0.0,1.0
809092,0.0006,0.9885714285714285
809177,0.0,0.8793103448275862
809215,0.003195526263231476,0.9298245614035088
809228,0.003781847133757962,0.9539473684210527
809287,0.0005994005994005994,0.9
809303,0.025353203019160053,1.0
809331,0.007795751315533035,0.933277027027027
809344,0.0037160179933502834,0.9741100323624595
809354,0.00039478878799842083,1.0
809363,0.006002400960384154,1.0
809371,0.003217373818620551,0.9682539682539683
809384,0.0024096385542168677,0.9333333333333333
809411,0.0,1.0
809414,0.0,0.9876543209876543
809429,0.0009998000399920016,0.9313984168865436
809461,0.00766810853322847,1.0
809496,0.0,0.9974587039390089
809526,0.020787083753784057,1.0
809620,0.0010052271813429834,0.9721115537848606
809625,0.008838643371017472,0.9794871794871794
809660,0.008459214501510574,1.0
809670,0.0009992006394884093,0.9336734693877551
809675,0.001599360255897641,0.9953051643192489
809679,0.0,0.9714285714285714
809680,0.00019928258270227183,0.9318181818181818
809724,0.000998003992015968,0.9777777777777777
809771,0.00040016006402561027,0.9259259259259259
809792,0.015587044534412956,0.9572727272727273
809812,0.004771371769383698,0.9485714285714286
809854,0.0,1.0
809856,0.02522312766783081,1.0
809860,0.0007998400319936012,1.0
809910,0.0,1.0
809950,0.0,0.9666666666666667
810019,0.001597125174685566,0.9842931937172775
810047,0.0012055455093429777,0.953125
810054,0.0,1.0
810069,0.004132231404958678,0.9824175824175824
810186,0.0032,1.0
810286,0.0002002803925495694,1.0
810352,0.0029874526986656044,0.905511811023622
810499,0.005818619582664527,1.0
810509,0.012492792619642513,0.9629057187017002
810539,0.0,1.0
810652,0.03851820669332772,1.0
810684,0.007175602949970101,0.9694811800610377
810742,0.0003965107057890563,0.8729281767955801
810775,0.003793172289878219,0.9614147909967846
810815,0.008874546187979023,0.9581239530988275
810817,0.0005952380952380953,1.0
810819,0.003599280143971206,0.9431438127090301
810872,0.008357709987463435,0.9819376026272578
810890,0.0011705033164260631,0.9668304668304668
810910,0.0031961646024770275,0.9423076923076923
811006,0.00019876764062810574,0.9707112970711297
811051,0.00040032025620496394,0.9491525423728814
811061,0.0016038492381716118,1.0
811090,0.0010028078620136383,1.0
811109,0.04932249322493225,1.0
811147,0.025858741798533386,1.0
811334,0.034741974806989026,1.0
811340,0.0066,0.9376344086021505
811341,0.007635044855888528,1.0
811390,0.013660661255196991,1.0
811410,0.002004811547714515,0.9246987951807228
811443,0.048677884615384616,1.0
811451,0.01540990343127183,1.0
811487,0.002720031086069555,1.0
811506,0.00040120361083249747,1.0
811524,0.0066707095209217705,0.9518072289156626
811571,0.04131697869593286,1.0
811694,0.0007925500297206261,0.8899521531100478
811717,0.00020044097013429546,0.8819875776397516
811739,0.0013960909453530116,0.9019607843137255
811772,0.0026257321753181176,0.9899665551839465
811804,0.0,1.0
812025,0.004134672179562906,0.8961748633879781
812060,0.008066102695258705,0.9360189573459715
812062,0.006436041834271922,0.9283276450511946
812103,0.012295081967213115,0.9607843137254902
812176,0.0003878975950349108,0.9607843137254902
812178,0.00019968051118210862,1.0
812255,0.03662197318391035,1.0
812350,0.02868769074262462,1.0
812360,0.00019920318725099602,0.9561904761904761
812372,0.005776892430278884,0.916923076923077
812376,0.0022088353413654616,0.96
812418,0.0,0.8703703703703703
812442,0.05975288636823982,1.0
812464,0.0011997600479904018,1.0
812651,0.01585072231139647,1.0
812681,0.0024014408645187113,1.0
812688,0.005712034666141422,0.9749744637385087
812749,0.00579073482428115,0.956989247311828
812800,0.00020064205457463884,1.0
812804,0.001999600079984003,1.0
812821,0.0006016847172081829,0.9874213836477987
812889,0.016559718484785758,0.962843295638126
812949,0.05388994307400379,1.0
812952,0.021176911544227885,0.9645408838317016
813018,0.0009952229299363057,1.0
813083,0.029601518026565465,1.0
813149,0.07067287346593314,1.0
813183,0.02920723226703755,1.0
813184,0.000600120024004801,1.0
813253,0.004583499402152252,0.8801020408163265
813352,0.005810458825886596,0.9346879535558781
813366,0.0023971234518577705,0.8930817610062893
813371,0.0,0.9151943462897526
813564,0.008860249697946033,1.0
813630,0.012610088070456365,1.0
813654,0.056997116877356396,1.0
813865,0.0024024024024024023,0.9708333333333333
813959,0.0006010819475055099,0.9240506329113924
814003,0.006594724220623501,0.9319429198682766
814043,0.010631895687061183,0.9446153846153846
814048,0.008988764044943821,0.9854014598540146
814107,0.0051000392310710085,0.9211822660098522
814113,0.0015936254980079682,0.925
814177,0.0018115942028985507,0.869198312236287
814244,0.0,0.9444444444444444
814261,0.0029964043148222133,0.9672131147540983
814367,0.0,1.0
814514,0.048760330578512395,1.0
814589,0.02114041892940264,1.0
814717,0.004451639012545528,1.0
814765,0.01248992747784045,0.9810924369747899
814902,0.0033932135728542913,1.0
814911,0.007123956849175657,0.9740034662045061
815099,0.0011961722488038277,0.8802588996763754
815224,0.0014053402931138326,1.0
815244,0.011240465676435166,0.9485420240137221
815357,0.006718241042345277,0.9774436090225563
815488,0.006577636037472593,1.0
815548,0.0026776151374509104,0.8973717146433041
815599,0.0032193158953722333,1.0
815781,0.022374521265873817,1.0
815815,0.00101010101010101,1.0
815976,0.00020012007204322593,1.0
816004,0.0055966420147911256,0.9261363636363636
816042,0.0006027727546714888,0.9090909090909091
816075,0.001002004008016032,0.9573333333333334
816120,0.004191616766467066,0.9658536585365853
816379,0.007394084732214229,0.9744744744744744
816387,0.0006012024048096192,0.975
816526,0.006291861173127664,1.0
816791,0.00039936102236421724,0.9516129032258065
816966,0.0033959248901318418,1.0
817202,0.04472233997456549,1.0
817207,0.010536980749746707,0.9384615384615385
817418,0.0,0.9855072463768116
817625,0.006590772917914919,0.9429037520391517
817648,0.0001998800719568259,1.0
817762,0.001989258006763477,0.9774266365688488
817814,0.00019992003198720512,0.9583333333333334
817918,0.019779771615008157,1.0
817921,0.0029952076677316293,0.9292604501607717
818064,0.0008053150795248641,1.0
818137,0.0,1.0
818283,0.004805766920304365,1.0
818704,0.04129333852746397,1.0
818881,0.00020024028834601522,1.0
819600,0.0,0.8571428571428571
819696,0.0001984126984126984,0.7454545454545455
819700,0.036917490417591285,0.9487179487179487
820223,0.0029702970297029703,0.968
820319,0.0029785544082605244,1.0
820324,0.01883735061778408,1.0
820477,0.037993920972644375,1.0
820605,0.0025979216626698643,1.0
820951,0.0026088701585390327,0.9426751592356688
821269,0.0012043356081894822,0.9296875
821737,0.0007795751315533034,0.8851251840942562
821902,0.004622186495176849,0.9378757515030061
829896,0.06704361873990307,1.0
892320,0.0345233424872499,1.0
929417,0.0003999200159968006,0.9956331877729258
930785,0.0005937067088858105,0.9042821158690176
931476,0.00020024028834601522,1.0
931480,0.0019984012789768186,0.9887218045112782
931757,0.015704750687082842,1.0
931766,0.00019904458598726116,0.983739837398374
931813,0.0020665426741062203,0.9868766404199475
932076,0.02968036529680365,1.0
933057,0.007461095715199318,0.9844961240310077
933275,0.006875,0.9977272727272727
933401,0.0003961965134706815,0.8041237113402062
933517,0.035918689559897375,1.0
933519,0.0,1.0
933533,0.00020004000800160032,1.0
935268,0.0013695949911954608,0.9954441913439636
935272,0.002584493041749503,1.0
935856,0.003816793893129771,0.958904109589041
935880,0.005314799672935405,1.0
936475,0.018515055171123996,1.0
936493,0.0,1.0
936807,0.061649484536082474,0.999492385786802
937035,0.0023923444976076554,0.9347826086956522
937258,0.0027816411682892906,0.9230769230769231
937600,0.0014033680834001604,0.9824797843665768
938427,0.002012477359629704,1.0
938515,0.0006025306286402892,1.0
938519,0.009984338292873924,0.9617373319544984
938676,0.0006006006006006006,0.9882352941176471
939349,0.001991238550378335,0.9295774647887324
939393,0.0,1.0
939397,0.007690750860149767,0.9305555555555556
939591,0.055318322981366456,1.0
939617,0.030759702725020644,0.9117797042325344
940329,0.0006012024048096192,0.9619047619047619
941119,0.013497179693795327,1.0
941156,0.01748460162924697,0.9582963620230701
941320,0.0,1.0
941485,0.007995202878273036,1.0
941507,0.0008008008008008008,0.9745454545454545
942414,0.0013902681231380337,0.9617021276595744
942907,0.0,1.0
942925,0.001385315654066891,0.947136563876652
943579,0.000785700255352583,0.9625668449197861
944457,0.015584415584415584,0.9090909090909091
944653,0.003816793893129771,1.0
945267,0.0026156941649899397,0.9615384615384616
945328,0.0,1.0
945549,0.014638058953278524,1.0
945567,0.0006002400960384153,1.0
945753,0.00040032025620496394,1.0
946020,0.0014002800560112022,0.9907407407407407
946610,0.004888979425544918,0.9671484888304862
948876,0.0009998000399920016,0.9680851063829787
949173,0.0,1.0
949192,0.0,1.0
949216,0.0034274193548387098,0.9769230769230769
949625,0.00019892580067634773,0.918918918918919
950082,0.0010018032458425166,0.9689922480620154
950092,0.012992125984251968,1.0
951484,0.006889564336372847,1.0
951499,0.012764260071798962,1.0
951896,0.0525328330206379,1.0
951905,0.0028208744710860366,0.9788359788359788
951964,0.0007971303308090873,0.9753086419753086
952873,0.002517428350116189,0.9525862068965517
952886,0.006408972561586221,0.9619686800894854
953099,0.022347454333462885,0.9586173320350535
953102,0.06329625884732053,1.0
953115,0.001995609658750748,0.9595959595959596
953164,0.016491158354857937,1.0
953429,0.001594896331738437,0.9652406417112299
953434,0.0,0.9927536231884058
953475,0.004988028731045491,0.9201388888888888
953529,0.0015794669299111549,0.9540983606557377
953531,0.0017797112912794147,0.9657794676806084
953559,0.0012062726176115801,1.0
954050,0.0029928172386272946,1.0
954438,0.0024222850222042794,0.9679802955665024
955367,0.004361016306408798,0.9422649888971133
955556,0.009179926560587515,0.9653078924544666
955952,0.008830022075055188,1.0
956412,0.0026114905584572116,0.968503937007874
956430,0.0,1.0
956463,0.0017914012738853504,1.0
956474,0.008939213349225268,1.0
956710,0.00040008001600320064,1.0
956754,1.0,
956872,0.0031514674020090604,0.9649507119386638
957328,0.0028,0.9768115942028985
957532,0.013508144616607072,0.9495159059474412
958439,0.03639548462436746,1.0
958459,0.00040048057669203043,1.0
958627,0.004501859463691525,1.0
958754,0.017881978939002584,1.0
958769,0.0,1.0
958934,0.014396887159533073,0.9125628140703518
959816,0.0038306451612903224,0.952
959851,0.004979253112033195,0.9289256198347108
960062,0.049680090327436956,1.0
960464,0.0018090452261306533,1.0
960848,0.0012096774193548388,0.9761194029850746
960862,0.003379049890677798,1.0
961182,0.0027733755942947703,0.924187725631769
961507,0.044150559511698884,0.9825857519788919
961823,0.025840853158326498,1.0
962285,0.00364741641337386,0.9882352941176471
962510,0.01844946025515211,0.9690265486725663
962516,0.005,0.8722222222222222
962915,0.04707504431751034,1.0
962981,0.0003994407829039345,0.9230769230769231
963233,0.019650655021834062,1.0
963289,0.007741436036384749,0.8459944751381215
963592,0.02021018593371059,0.9766558089033659
963730,0.0011983223487118035,0.9141914191419142
963981,0.000198294665873488,0.9898477157360406
964035,0.014363030807660283,1.0
964134,0.0004016870857601928,0.9382716049382716
964215,0.005893111156269051,0.9634502923976608
964490,0.002010454362685967,0.9354838709677419
964636,0.010087424344317418,0.972240365774004
964960,0.0059594755661501785,0.9177057356608479
965341,0.010642570281124497,0.9398496240601504
965549,0.010220440881763528,0.9783132530120482
965976,0.004646464646464647,0.9114754098360656
966121,0.0442513639119014,1.0
966810,0.0003971405877680699,0.9367088607594937
967103,0.003822937625754527,0.9703703703703703
967116,0.005497861942577886,0.9489247311827957
967242,0.00019912385503783353,0.8588957055214724
967287,0.0490869821323385,0.9767309875141884
968461,0.005942947702060222,0.963302752293578
968695,0.0,0.9615384615384616
969010,0.007187063286085047,0.9722991689750693
969077,0.005887129516849371,0.9665271966527197
969177,0.008072653884964682,1.0
969340,0.005749405233941317,0.9321357285429142
969698,0.025050100200400802,0.971875
969969,0.0028129395218002813,0.9849624060150376
970238,0.00040024014408645187,0.9518072289156626
970256,0.00039936102236421724,0.9259259259259259
970257,0.0013949780789159027,1.0
970591,0.002217741935483871,0.9785714285714285
970727,0.0036195455459481197,0.9367088607594937
970743,0.0011940298507462687,1.0
970790,0.0025974025974025974,0.9851851851851852
971135,0.015172413793103448,1.0
971152,0.0,0.5730994152046783
971542,0.0040192926045016075,0.9437652811735942
971668,0.0056315366049879325,1.0
971705,0.002408187838651415,0.9901719901719902
971809,0.0005994005994005994,0.9735294117647059
971987,0.0,1.0
971994,0.020326823435631726,0.9665831244778613
972423,0.0014161440420797087,0.9835728952772074
973658,0.0,0.9987546699875467
973722,0.006499901516643687,0.9323144104803494
973734,0.03331962155491567,1.0
973877,0.0022057349107679966,0.984375
974394,0.0010006003602161296,0.9514563106796117
974540,0.002408187838651415,0.9760479041916168
974676,0.0,0.887920298879203
974744,0.004013646397752358,0.9528907922912205
975105,0.003500823723228995,0.8657844990548205
975485,0.024213576158940396,0.9487967229902714
975529,0.002796644027167399,0.8715083798882681
975530,0.00019924287706714485,1.0
975536,0.0,0.9958677685950413
975945,0.0033891547049441787,1.0
976128,0.0021683422038241674,0.9490740740740741
976133,0.0,0.993006993006993
976233,0.004798080767692923,1.0
976836,0.002002803925495694,1.0
976969,0.013927576601671309,0.9919224555735057
977028,0.0,0.9685863874345549
977510,0.0,1.0
977549,0.009085277720421227,0.9688149688149689
978533,0.003760886777513856,0.9680365296803652
978557,0.029504080351537978,1.0
982700,0.0,0.9881422924901185
982732,0.0009970089730807576,0.9666666666666667
982747,0.004194128220491312,1.0
983184,0.0015920398009950248,0.9451612903225807
983455,0.04936305732484077,1.0
983722,0.010703666997026759,1.0
984008,0.005286701911346075,0.9875776397515528
984114,0.0038060897435897435,1.0
984282,0.0009996001599360256,0.9710144927536232
984374,0.007379337854008776,1.0
984599,0.0015567230978789648,0.9932432432432432
984693,0.040290088638195005,1.0
984786,0.007321537522879805,0.9696969696969697
984833,0.011322280630812778,1.0
985215,0.004258771040356926,0.9512195121951219
985224,0.015587529976019185,0.9782393669634025
986157,0.00040008001600320064,0.8584070796460177
986167,0.013130898645876077,0.9802955665024631
986180,0.02823208722741433,1.0
986198,0.0,1.0
986428,0.012603461249059443,0.9550561797752809
986594,0.0024178924037880313,0.9427083333333334
987383,0.0009962143853357243,0.9629629629629629
987906,0.0003980099502487562,0.9655172413793104
988292,0.003605769230769231,1.0
988945,0.0007974481658692185,0.9711538461538461
989185,0.02077274615704196,1.0
989322,0.003040745996351105,0.9513343799058085
989349,0.0022713194301053068,0.9683426443202979
989436,0.0,1.0
989696,0.0,1.0
989777,0.001392757660167131,1.0
990026,0.0,1.0
990068,0.00220485067147725,0.967948717948718
990103,0.009947447447447447,0.9450926561427591
990249,0.0007977662544874351,0.952054794520548
990289,0.0005952380952380953,0.9692307692307692
990803,0.0023985608634819106,0.9312977099236641
991045,0.009928514694201748,1.0
991218,0.0008045052292839903,1.0
991273,0.0006007208650380457,0.9698795180722891
991300,0.0001999600079984003,0.964824120603015
992423,0.0019845207382417148,0.7480916030534351
992633,0.006417970316887284,0.9536178107606679
992961,0.04804198627371821,1.0
993257,0.005830317651789305,0.9538131041890441
993477,0.004804804804804805,0.9421052631578948
993606,0.03081232492997199,1.0
993694,0.011788256227758007,0.9873991935483871
994084,0.012079726192872961,1.0
994223,0.00875,0.9869565217391304
994448,0.0032310177705977385,0.987987987987988
994483,0.0017042226850975193,0.9879227053140096
994577,0.0007963368504877563,0.9278350515463918
994867,0.00019976028765481422,0.9943502824858758
995244,0.012175324675324676,1.0
995313,0.00019708316909735908,0.7708333333333334
995318,0.01087848932676519,0.9755301794453507
995485,0.009900990099009901,1.0
995528,0.0035580154180668115,0.944954128440367
995561,0.0055511498810467885,1.0
996035,0.0001953125,0.9688888888888889
996377,0.0006033789219629927,0.9481865284974094
996427,0.013115415657788539,0.9990281827016521
996434,0.00945864359025961,0.9474375821287779
996436,0.0017448623497479643,0.9102333931777379
996870,0.044337926902336726,1.0
997001,0.0,1.0
997046,0.0,1.0
997282,0.0022988505747126436,1.0
997417,0.004073319755600814,0.9068493150684932
997743,0.007019655034095467,1.0
997853,0.0,1.0
997982,0.0032038446135362435,0.9450867052023122
997990,0.007550168885356646,0.8940248027057497
998020,0.04205214465937763,1.0
998030,0.000996810207336523,0.9622641509433962
998691,0.007742703990470518,1.0
998788,0.0018134193028410237,0.9722222222222222
998960,0.005616850551654965,1.0
999016,0.009787928221859706,0.9600798403193613
999042,0.0013875123885034688,0.9863013698630136
999069,0.0005996402158704777,0.968503937007874
999139,0.0,0.9747899159663865
999464,0.0024477499529278854,0.9604916593503073
999465,0.025782326313717772,1.0
999520,0.004982064567556795,1.0
999580,0.00019708316909735908,0.943089430894309
