,coef,p-val
1000131,0.09814798787003115,0.7740405431736276
1000249,0.3535856770999474,0.286091010856316
1000358,-0.03353930851693736,0.9220158565541319
1000360,0.25120626985593364,0.4562055706332976
1000362,-0.8604509011436846,0.0006754207106152831
1000739,0.18417204486189856,0.587750813121625
1000809,0.4552024849729859,0.15946586509159286
1000823,0.2251382377224307,0.5056706797901604
1001353,-0.590857473603029,0.05560233538625975
1002798,0.20230366165835661,0.5508039488819898
1002891,0.6115346515293649,0.04558199899260842
1002933,0.5335228693853846,0.09098602344533854
1003383,0.37133379786703113,0.2608519752845188
1003384,-0.09519679655241567,0.7806893854542865
1003817,0.5985102494395447,0.051734208644990926
1003905,0.29956779968819325,0.3708068387752934
1004146,-0.23537028138352606,0.4859840239080747
1004368,-0.4055687134240155,0.21589078208962884
1004406,-0.2831828407379439,0.3987701199368745
1004511,-0.2836872730658208,0.39789407167448476
1004593,0.2042456838823144,0.5469033369177074
1004845,0.3112136294739903,0.35155965703820413
1005043,0.34265135129169416,0.30228848245015655
1005337,0.4965844318602437,0.12023534902406141
1005341,-0.25867775485351985,0.44245653900606496
1006391,-0.23789114955279053,0.48118687642687896
1006570,0.5046083923495819,0.11342886845579629
1006589,0.2047065262876636,0.5459793742526837
1006742,-0.4745007319500969,0.14030124713283473
1007251,-0.08433712268885626,0.8052662341716509
1007342,-0.1601868410541915,0.6380033411024162
1007426,-0.042067558657248046,0.9022598578273124
1008205,0.3809451145073018,0.24773216917763524
1008600,-0.4352598246137737,0.1808944161679804
1008660,0.5262303346197953,0.09634335362498268
1008831,0.5774639017394091,0.06283852628654557
1008886,0.08695857085798969,0.7993182320516962
1008898,0.5445411759521553,0.08327034614037816
1008899,0.15818231576774008,0.6422693283674532
1008909,-0.811137426848031,0.002445145582242092
1009169,0.3105055201845118,0.35271482715942337
1009206,0.4609838852998471,0.15356329065513508
1009324,-0.07681838945081189,0.8223765630474129
1009355,0.5694775594727565,0.06744335731677838
1009414,0.30913082437306366,0.35496305020159824
1009498,0.42774001100037007,0.18940691173739233
1009703,0.477158055876507,0.1377821323912742
1009709,0.4092224359858156,0.21138374268586962
1009819,0.44303610658222564,0.17234111012092393
1009823,-0.39667991706309985,0.22709060716134083
1010132,0.16072692408471817,0.6368556246765715
1010297,0.5317118396479567,0.09229768057186419
1010344,0.48277010168471457,0.13255646646653008
1010356,-0.786258837680612,0.004106094451397143
1010483,0.5160439611728963,0.10416657385467495
1010709,-0.37987165164279707,0.24917829130403277
1010811,0.6981239600355323,0.016888491268906278
1011323,0.5205479452054795,0.10065824430011354
1011337,-0.13826206139455072,0.6851739631830647
1011498,0.09631426606617745,0.7781702243429978
1011982,0.3742275995918744,0.2568611509926528
1011989,-0.4972489213870968,0.11966197019432816
1012179,-0.5662159485717567,0.06938760597963256
1012299,0.16327671889543696,0.6314468219534678
1012300,0.6772854614785964,0.022049906043081807
1012349,0.379694740620526,0.249417081927894
1012492,-0.842423539174232,0.001135401098030215
1012571,0.18634920820132364,0.5832651514065567
1013162,0.49198652416272215,0.12425113893551434
1013366,0.17351598173515984,0.609891620275172
1013766,0.7942767628710199,0.0035003581749758444
1014071,0.1474717014518614,0.665225538138173
1014303,0.1503543998100001,0.6590206476254038
1014351,0.0965581028730576,0.7776207859925836
1014402,-0.24250397412921823,0.4724640456202768
1014824,-0.23953167197283545,0.47807643468884087
1015315,0.2594166117196964,0.4411075877053938
1015847,-0.06819943394704735,0.8420760433785544
1016014,0.021368692158534413,0.9502757033038602
1016374,0.3769771303909353,0.2531017382497138
1016509,0.7389790224568489,0.009370119610235357
1016545,-0.47006604837780824,0.14456958410745413
1016898,0.29631511877002636,0.3762765231718912
1016915,0.6277007578872894,0.03867234997780723
1016928,-0.4887156383896587,0.12715949379547048
1016970,0.5517605878460434,0.07845798477013442
1017127,0.2027212135198458,0.54996433484895
1017138,0.33932860375277213,0.3073076336891516
1017165,-0.0675737378399486,0.8435094323699859
1017334,-0.317262338011475,0.34177268324771953
1017399,0.06835859270246632,0.8417114996842202
1017489,0.45231399923396404,0.16246684076615828
1017580,0.3099445621657046,0.35363134095441506
1017637,0.7191424744913287,0.012623782826861258
1017932,0.570249128464918,0.06698885507172599
1018068,-0.11548114055960707,0.7352772129516483
1018616,0.42922821907858977,0.18770338571200482
1018681,-0.17660736268297844,0.6034371437920872
1018699,0.407629426329472,0.2133418723715704
1018851,0.1767928385499737,0.6030506941231608
1019077,0.3861229196653692,0.24082478583719671
1019157,-0.4211693151426613,0.19703969042647618
1019470,0.5263281920352006,0.09627012798266543
1019472,0.5642880936468349,0.0705543451730079
1019797,0.42009132420091333,0.1983092881190294
1019829,0.10516889664312012,0.758278264530165
1019841,0.25004287796961466,0.45836401259866344
1019860,-0.7193787788820487,0.012580804297016244
1020173,0.2425635641488454,0.47235183195586006
1020342,-0.6975060889800266,0.01702764395451421
1020388,0.5530482455782029,0.07761960620323292
1020406,-0.07472403068865159,0.8271553813614995
1020497,-0.6540055627669867,0.029042431767382856
1020514,-0.6929950358331262,0.018068611472724677
1020717,0.5337130874244318,0.09084897307112193
1021076,-0.48967148622245993,0.12630514111208865
1021142,0.49198652416272215,0.12425113893551434
1021236,0.007011259776208009,0.9836772548504111
1021276,0.8653660771538161,0.0005790531015278593
1021354,-0.04763505267709776,0.8893887158991814
1021630,0.1127014325695366,0.7414588631409531
1021756,-0.06772854614785963,0.8431547466926002
1021872,0.223606797749979,0.5086464915963445
1021987,-0.5810730290102315,0.06082924087893444
1022106,0.17244630974484051,0.6121308316568614
1022107,0.19679685393208207,0.5619251732234298
1022226,-0.1265056840332844,0.7109018346139906
1022234,0.4644243164424662,0.15011637523996052
1022712,-0.5825749366425523,0.06000609573951373
1023107,0.317262338011475,0.34177268324771953
1023706,0.3823420887355179,0.24585746601663552
1023854,0.3908033683673578,0.23467785046709688
1023897,-0.032186034291019204,0.9251546676246921
1023904,-0.08945362269913996,0.7936658918427086
1024194,0.22581604284816276,0.5043560152660072
1024270,0.4439370891026038,0.17136646214516119
1024352,0.7008488728755606,0.016284517661284456
1024362,0.5812372197528936,0.06073888266754996
1024389,0.5843418687552857,0.059047422754129
1024427,0.07472403068865159,0.8271553813614995
1024606,-0.02791452631195413,0.935068184042559
1024726,-0.5011402523360257,0.11633945886179564
1024763,-0.20519567041703082,0.54499936473716
1024981,0.12395013660192701,0.7165314557650605
1025054,0.013794014696151088,0.9678917727706345
1026000,0.5528766931825022,0.07773095515983634
1026103,0.5939817335655618,0.05400012232904234
1026215,-0.8740703854339317,0.0004342967723788724
1026365,0.045980048987170286,0.8932124414296368
1026946,-0.3674870459920494,0.266211141515319
1026977,0.47819250946657105,0.13680926936773155
1027012,-0.28712439340989665,0.3919502612964346
1027206,0.9651460248662211,1.533678346599256e-06
1027394,-0.3880977128388465,0.23822001097461876
1027791,0.6942987397062713,0.017763217409126137
1027806,0.6299069708824299,0.03778962659295369
1028174,0.6779642983513766,0.021866046940560244
1028193,0.0965581028730576,0.7776207859925836
1028294,-0.358445708189548,0.27904975450161423
1028306,-0.8419691425682041,0.001149414500044319
1028378,-0.2809451943313383,0.4026677186999861
1028571,0.8176064751620179,0.0021111071982354095
1028800,-0.20976176963403032,0.5358859377978678
1028944,-0.046747349500422856,0.891439409733647
1029289,-0.38637320504757067,0.24049374929887446
1029473,0.6159680250280649,0.04360854477714821
1029643,-0.19029671382713897,0.575165706445601
1029924,0.28395131661687606,0.3974358871570277
1030062,-0.2136291605566945,0.5282168293392542
1030218,0.2011873613689806,0.5530511478600977
1030936,0.6484085862676569,0.030931667869028057
1030957,-0.06407339430346859,0.8515360205958972
1030997,-0.46435036391789564,0.15018995338762198
1031205,-0.5994233324303748,0.05128535802228409
1031818,0.11441551070947109,0.7376453676908262
1031917,0.7723046972889297,0.0053404434409842945
1032123,-0.3287857350300671,0.3235300227830137
1032315,0.028048409700253716,0.9347573288347135
1032760,-0.2778971277117667,0.4080069456925489
1033257,-0.5104266412734632,0.1086524250942775
1033267,-0.27816398273005216,0.4075381240968997
1033481,0.6854655452308528,0.019906343786284714
1033745,0.48027951669278246,0.13485978029980553
1033755,0.5042944812441662,0.1136903578758093
1034151,0.2850763037204558,0.3954866727561238
1034252,0.5331196507795603,0.0912769891139681
1034292,-0.6455812848523669,0.031918072008874074
1034435,-0.7216706924882901,0.012169425963436474
1034674,-0.20022714374157438,0.5549870889966838
1034722,-0.2275896961239115,0.5009228817262468
1034783,-0.3278959208544614,0.3249197385118185
1034825,-0.016129717346297343,0.9624580359093623
1034877,-0.28158882677702585,0.40154470455414115
1034878,0.5071783045165658,0.11130272119290141
1034931,0.8391463916782735,0.001239398943074501
1034939,-0.17635736801850793,0.6039581668215555
1035193,-0.228513360237148,0.4991390528419014
1035329,0.018349396085439344,0.957295539966406
1035432,-0.23341022210549273,0.4897285828537278
1036280,-0.29110309969337517,0.3851255783021762
1036360,0.43042206947917633,0.18634353742886262
1036445,0.15807578393277047,0.6424963201482107
1036928,0.09512612573031985,0.7808487657172587
1036981,-0.5858290865554853,0.05824862481542157
1037065,0.686617719350826,0.019616854492358646
1037207,0.6890549673048442,0.01901440436062003
1037297,-0.03861356447997063,0.9102557420046687
1037667,0.6133829349383709,0.044751928851190254
1037830,0.415529446129273,0.2037362282514998
1039322,-0.4019462935493151,0.2204147898899459
1039413,0.5780059766913394,0.06253391314008457
1039549,-0.15474472834987346,0.6496077013274916
1039927,0.41952353926806063,0.19897996222447503
1040389,0.8860722131644513,0.0002817449438756403
1040472,-0.2534804458900097,0.4519998995036114
1040870,0.317262338011475,0.34177268324771953
1041685,-0.013826206139455075,0.9678168743654659
1042013,0.28395131661687606,0.3974358871570277
1042103,0.4654822733616542,0.14906624236372773
1042176,0.08124769385629756,0.81228796243299
1042195,0.19583299433917967,0.5638808438356866
1043046,0.31193973345246884,0.3503771785799732
1043123,0.5316433278986707,0.09234754377382257
1043560,-0.18115789195666254,0.5939824595627793
298024,0.6319062870042959,0.03700188430960067
300366,0.6095569153307367,0.04648190088891291
302267,-0.41476416033336017,0.20465522711471956
303017,0.5244044240850757,0.09771636613972366
304803,0.4514121051815021,0.1634109650412671
307058,0.2347185882638107,0.4872276244840531
308129,-0.5145050270027385,0.10538331325178876
308904,-0.6917776312525235,0.018357164911696165
309286,-0.030455072082086983,0.9291708868379238
310286,-0.8391463916782735,0.001239398943074501
311937,0.3532258746447074,0.28661617567906966
311939,0.014337828327581922,0.9666265373769677
312035,-0.03871244700930276,0.9100267250004193
312251,0.4965688058518816,0.12024885367253689
312264,0.523919354714936,0.09808326136414804
312335,-0.2000554246927641,0.5553335866669722
312382,-0.0915353377452523,0.7889567297808934
312415,0.022990024493585143,0.9465074001255022
312422,0.30168866695495244,0.3672623820468014
312479,0.5714831870974764,0.06626621828146871
312482,-0.10564964163822392,0.7572019157382746
312526,-0.5987384410658761,0.051621783658611406
312791,-0.07408677865766361,0.8286104876131486
312840,0.3637559611938274,0.2714680752504913
313186,0.1491080198414145,0.6617010888363011
313321,0.1648414164183531,0.6281356685504165
314774,0.5504818825631803,0.0792964878717761
316054,0.3340969845823719,0.3153012960152963
316390,0.30523997187739754,0.36136637559800333
316858,-0.18751808710755183,0.5808623109870666
316992,0.28310797428587836,0.3989002218282989
317930,0.11192491113656228,0.7431881992845787
318962,0.064696928380387,0.850105256983627
319153,-0.2295591934367676,0.497122639209036
320231,0.4495602040932639,0.16536019365572607
320867,0.3225179497055684,0.33338672620747706
321888,-0.1593255013631383,0.6398352273708463
323054,0.5489856841350979,0.08028516466212295
331512,0.3618730641634125,0.2741429760618341
333782,0.40942720259427356,0.21113281963097885
362017,0.20422086361936864,0.5469531181704964
574291,-0.0917469804271967,0.7884783134215824
574371,0.38613564479970625,0.24080794875937325
575097,0.11948190272984933,0.7264048883128063
575102,0.7049350867895439,0.015408093098808785
575116,0.3954557894193501,0.228659091178821
575124,0.8709957999653102,0.0004818607238742447
580586,0.3233040690205665,0.332141845262798
580706,-0.22492862284621332,0.5060775466583873
580846,0.36081274404209224,0.2756557793809803
581617,0.19164110054968558,0.5724173326625683
582240,0.25245962049485143,0.453885496591788
582283,0.3070876145017643,0.35831826380767506
582948,-0.15407828716946168,0.6510336464507865
583853,0.24943926360875127,0.4594857490504558
584493,0.27128228902430473,0.4197121008944795
584518,0.6100645526272308,0.04624976026279309
584546,-0.16410764903987518,0.6296876777528313
585218,0.6102160571171791,0.046180632934565924
585579,0.9007528963649349,0.00015479570772943931
586069,0.5714528431259629,0.06628392366057204
587075,0.17431926281167376,0.6082120315809951
589899,-0.31002661958994576,0.35349719539423097
597892,-0.9224002890744369,5.282246139249058e-05
598421,0.8391463916782735,0.001239398943074501
600051,0.4850207903503496,0.13049663640826437
600056,0.038321402165520116,0.9109324406494143
602803,-0.2656066232870962,0.42988282398517264
603657,-0.19972058663135295,0.5560094783162499
603719,0.7479042255487044,0.008126078933109664
603771,-0.05057805388588732,0.8825944663825978
603843,0.42961734455219197,0.18725949643142042
604469,0.3502452909481708,0.2909871348362705
604470,-0.53550052474627,0.08956778332495995
604655,0.22247940493829754,0.5108419873313534
604852,0.0,1.0
611311,0.41997955558956584,0.19844120310652352
611327,0.3302974015523738,0.32117640391987706
611386,0.2956479282380821,0.3774034920561603
613097,-0.9016041912702365,0.000149098373585373
613216,-0.032261147658728506,0.9249804227057326
618014,0.6177941144506355,0.04281314327103899
625478,-0.0965581028730576,0.7776207859925836
626025,0.1889581505725527,0.5779072535389949
628759,0.47224246624607663,0.1424647399359979
637887,-0.3006841514016155,0.3689389905231536
638428,-0.1818779805969137,0.5924914475197229
638985,0.3786080279152324,0.25088678148626925
644256,-0.302407368379503,0.3660652158977584
644298,-0.3002701870526073,0.3696310623449137
646024,-0.34968279476037106,0.29181612648071104
648948,0.39635124266437877,0.22751112012752206
649330,0.5756007555437079,0.063893158321305
650229,0.505335172300164,0.11282494882899048
653346,-0.8860232811854184,0.00028226924338227725
653349,0.8667987559883586,0.0005530290474667956
653856,,
653857,-0.39858728436239016,0.22465926770717268
653902,0.1452664022548461,0.6699851345054034
654466,0.20738208016668008,0.5406276544148241
657380,0.6130088225415369,0.0449190948289234
657402,-0.356890749909559,0.2812919651020996
657601,-0.18887015846579172,0.5780876493229514
657983,0.5810730290102315,0.06082924087893444
661709,-0.6100645526272308,0.04624976026279309
661733,0.0,1.0
665896,0.5521321741777103,0.07821543254338356
666068,0.5164961368473233,0.10381081342275868
670148,0.41600141338834185,0.20317069406371946
670155,0.6593895059431453,0.027303185601239194
673525,-0.18626625797648,0.583435815060668
674209,-0.24217235620703026,0.4730887339127897
674300,0.31316960333729105,0.3483790399951794
678190,-0.24435781919482935,0.4689787384233277
678194,-0.26208627922687067,0.4362496888943429
680549,-0.1290404549482373,0.7053307565443806
684570,0.4337090306541788,0.18263048776933946
685139,0.8445804022008854,0.0010706269910721376
685462,0.010553244843339221,0.9754330277972455
687821,0.10777894359052533,0.7524392575139308
690196,-0.15771611160340113,0.6432628914924945
690311,0.3810633718881641,0.24757315358896784
691234,-0.160930171455096,0.6364238941942953
691685,-0.07272727272727274,0.831716405381337
693427,0.8147716821232072,0.0022529914126174426
695193,0.1916641329517337,0.5723702914770387
695546,0.05257203720113371,0.8779951379444659
695711,-0.0956722299914231,0.7796173620638178
695743,-0.6292778985691891,0.038039879296172655
695763,-0.06788442333021306,0.8427976385094624
700018,-0.009580350541380029,0.9776973255727562
700359,-0.498867590711625,0.11827260142252334
700409,-0.050693397374077354,0.882328324760485
701567,0.35781449079655986,0.27995874708024787
702163,-0.6464561664087485,0.03161051583535051
704236,-0.45985682598624145,0.15470310971258677
707120,-0.1577934345428755,0.6430980663771451
707131,0.06776884876740247,0.8430624125129829
712785,-0.19771421064483224,0.5600663640329084
712853,0.009580350541380029,0.9776973255727562
716261,0.3505629888104004,0.2905194956798024
717931,-0.39977862304507694,0.2231484366265929
718466,0.08124769385629756,0.81228796243299
718542,0.3592631453017511,0.277875046547256
718587,-0.3418990745365506,0.30342088253047017
721530,0.2724187382240565,0.41768968658471717
721839,0.02874105162414009,0.9331492596595319
726015,-0.43013484982745764,0.18667014596713638
726457,0.6838312890698599,0.02032216762063887
726596,-0.3426823495024955,0.3022418705315566
726827,-0.2896743086191728,0.38756948363544985
729125,0.17806849308658554,0.6003952788495965
731121,-0.36200216699972465,0.2739590983536778
732092,0.36884349584313114,0.2643143354616548
736823,0.1474717014518614,0.665225538138173
738094,-0.4616902584383194,0.15285159803066883
739516,,
739670,-0.39744960103571075,0.2261076384183202
739677,-0.18938907051775558,0.577024123601495
739678,-0.6941147178445929,0.01780609907448105
741327,0.04216393348838588,0.9020368669223521
741693,-0.1570543511610656,0.6446741199080696
744619,-0.6192921178835779,0.042168187583701264
745941,-0.01982726388386439,0.953859142323981
746262,0.4657114860455471,0.14883933269212032
746321,0.009439109141162248,0.9780260610607078
746367,0.23234684426488467,0.4917654140586254
750052,0.3982164352849419,0.22513079183733217
751685,0.6684067653318302,0.02455691983064516
751692,0.20595450992681769,0.5434804379501161
751964,0.3172489239642411,0.34179422745639715
752457,0.40368671387966554,0.21823428781415283
753353,0.21047410069122047,0.5344699200297676
754321,-0.22727272727272727,0.501535667604937
755059,0.5931426319344967,0.05442729925733972
757883,0.6027284599654543,0.04968295438374206
757940,0.35991133517867774,0.276945526043398
767998,-0.5351567004755962,0.08981329608096024
768973,0.4931786025451006,0.12320186198796922
769904,0.3786017554891681,0.2508952788529127
771400,0.9137216838384397,8.403090843028359e-05
771980,-0.09327075928046856,0.7850357696699003
773891,0.5812493946823521,0.06073218613294699
773920,0.0737358507259307,0.8294120059394418
775374,0.4284177759482692,0.18862993091731375
775698,-0.7624541989719473,0.006362763771981283
776895,-0.35200753393775963,0.28839842133952964
777146,0.5187822215987361,0.10202429676895877
777210,0.18246020208417915,0.5912869354348398
777213,0.10092167846991638,0.7678039873783449
777836,0.41286141192238524,0.20695085925341827
778335,-0.07011259776208009,0.8376959165810572
779952,0.47209149159800595,0.14261012298563894
781304,0.32952920948177644,0.322371305058786
781307,0.3272202119671034,0.3259771907313765
782049,0.3903514745618963,0.235267313306981
782057,0.2580754775407575,0.44355756535098767
784243,0.5852895327349145,0.058537569022621076
784592,-0.38416028289418247,0.24342976584885653
784791,0.23059360730593612,0.49513175824666633
784811,0.16593314803692286,0.6258290209115099
785737,0.8249198299963497,0.00177584296621462
788186,-0.5733821790809959,0.0651645163142239
788219,0.5425298754963589,0.08464512372181132
788252,-0.2665424099438659,0.4281978696115407
788445,-0.23723239800451765,0.482438414530473
789943,-0.6919907643216905,0.018306411054942278
790192,-0.6759067201114033,0.022426708985498235
790760,-0.653272543281984,0.029285110448948545
790791,0.2654524794612317,0.430160674586786
790851,0.3333573651514918,0.31644035754061806
791466,0.6405802031815229,0.03371653182176555
791497,-0.13364622944074941,0.6952412193060609
791530,-0.6263392066745821,0.039224213232789386
793684,-0.03678403918973623,0.9144941058896244
793783,0.4383607343781342,0.17745328714543396
795052,0.46864233496009117,0.14595699174855142
795176,-0.04778184825674966,0.8890496599693379
796375,0.11548114055960707,0.7352772129516483
796462,0.05492120264715138,0.8725808955403338
797822,-0.43936041808092746,0.1763525137515713
797849,-0.4840233108758566,0.13140699964583288
798152,-0.4711630534831968,0.143506227864616
798411,0.4289988446342752,0.18796533954656655
798573,0.7667947733157908,0.0058960490744412
799247,-0.39360195230458483,0.23104644562661428
799663,-0.17721444263289027,0.6021725984085393
799732,0.3888451643928921,0.2372383918195031
800383,0.50928749590995,0.1095771368832725
800391,0.4654575577074376,0.14909072261497125
800394,0.04767312946227962,0.8893007677832916
800416,-0.10409313539028804,0.7606881992787188
801479,0.4933880528810715,0.12301809011150822
801813,0.30109439487922035,0.36825379302913763
802516,0.8614538020763666,0.000654841306306463
802526,0.4009122018688206,0.2217164105348376
803101,0.7671312851617349,0.005860949194525314
803352,-0.10045432755294885,0.7688539559280109
803879,0.7762638004612792,0.004965730459324367
804422,-0.267750262373135,0.4260277187405289
805662,-0.1584379282422995,0.6417247963363794
805663,-0.41571436584064514,0.2035145365366624
805749,0.7879765900557371,0.003970258721623387
805750,-0.12454455703794039,0.7152208640929427
805788,0.5039739899438241,0.11395772981723783
805789,-0.3038577717527486,0.36365533051558374
806622,0.41137667560372115,0.2087527723615058
806666,-0.6623295963967024,0.026385102319913607
806670,-0.5997747324868978,0.05111333134618263
806901,0.4290454926901554,0.18791204787508115
806918,0.3143516128289616,0.3464642793059802
807109,0.22390912244136918,0.5080584337210203
807140,-0.5261337275659609,0.09641567945179605
807142,0.1033273879098506,0.7624048020915327
807158,0.5046083923495819,0.11342886845579629
807160,0.5034443575988876,0.11440046794075497
807184,-0.04790175270690014,0.8887727272585276
807186,-0.3825452409968716,0.24558552307440004
807205,-0.14513259888827065,0.6702742689265434
807209,0.1368899528089467,0.6881618538317871
807222,0.0,1.0
807232,-0.6077554496010331,0.04731218228123843
807274,0.4094130525753272,0.21115015351785174
807290,0.2881518358535923,0.3901821474943761
807335,0.5541433081144416,0.07691134512301465
807382,0.7130852445800122,0.013762072470767188
807403,0.824131008512554,0.0018099447901101249
807409,-0.5166008680562364,0.10372852657669179
807461,0.5357632071595925,0.08938050979470762
807487,0.07478677094621876,0.8270121460729627
807494,-0.8070438315693723,0.0026759188738089954
807509,-0.0965581028730576,0.7776207859925836
807540,-0.5069608917800194,0.11148158531428173
807541,0.22847985033409723,0.4992037204096601
807543,0.14840182648401826,0.6632214004568029
807592,0.2788136855574255,0.40639780405612025
807597,0.15685499269614722,0.645099465728986
807624,0.6590491593140252,0.027410898867392435
807669,0.6813851438692468,0.020956087616471174
807711,-0.05492005226011593,0.8725835457135922
807737,0.347134692163771,0.2955877427217342
807754,0.07063224140220167,0.8365069180549923
807789,0.49068780152214553,0.1254007716128737
807813,-0.473594504567854,0.14116693648810408
807850,-0.024195279380814224,0.9437067783506604
807935,0.5902059021456341,0.055940519671427914
807942,,
808019,-0.5371352022540758,0.08840657623804307
808050,0.0,1.0
808063,0.3940261127347419,0.23049893861368842
808081,0.32952920948177644,0.322371305058786
808094,0.3419963494057966,0.30327432481203737
808112,0.6806324417736548,0.02115395128577796
808115,-0.1751319444330976,0.6065145141784227
808156,0.8079533541118102,0.0026233014472409003
808181,0.3852570642647098,0.24197202840495274
808344,0.5949672328179225,0.053501348294236396
808362,0.12501205807170124,0.7141905915739593
808378,0.28501542860605583,0.39559202667018956
808412,0.2922404895854228,0.38318565388964687
808458,-0.2932827448121774,0.3814123180124128
808483,-0.12531734813006712,0.713518028393449
808512,0.5474760851635713,0.08129097718480367
808540,0.23315154599688864,0.49022371643259366
808561,0.39096234035970256,0.23447068732587334
808569,-0.009580350541380029,0.9776973255727562
808572,0.10600091373582224,0.7564156907493014
808603,0.28515883195257946,0.3953438669754036
808640,-0.3105055201845118,0.35271482715942337
808642,0.07662141663581955,0.8228257789128162
808697,0.19816509882593872,0.5591536434798087
808700,0.4746745390481789,0.14013559858695
808708,0.671280331866365,0.023724516848965902
808765,-0.025299030863288174,0.9411425186372322
808766,0.004979501746106165,0.9884070123278751
808776,-0.1552527600922559,0.648521403528366
808808,0.11872146118721462,0.7280890022338132
808815,0.4523631825102726,0.1624154518375722
808829,0.3480737526681077,0.29419467301022256
808854,0.24944915390270447,0.4594673590932614
808895,-0.21968481058860553,0.516301677137107
809005,-0.37946911459957056,0.24972181739942279
809033,0.06077155435054971,0.8591190412504712
809040,0.20851441405707477,0.5383692431650318
809092,0.2872377817022868,0.3917549369922043
809177,-0.18890462847417153,0.5780169785251867
809215,-0.5030896277540603,0.11469761865994631
809228,0.21004785188952266,0.5353170584934903
809287,-0.07221644216629078,0.8328840061943341
809303,0.7126606262964834,0.013844546726678595
809331,-0.16590566413334407,0.6258870530242107
809344,0.4141887274617076,0.2053478662660044
809354,0.1425622821162295,0.6758361968739823
809363,0.2961283309258334,0.376591859269915
809371,0.5907999309574736,0.05563214538123465
809384,-0.09476309590709878,0.781667607355141
809411,-0.5022883414749454,0.11537067274689115
809414,0.33643768272674013,0.3117110803890415
809429,-0.19956228486304842,0.5563291351565025
809461,0.3302891295379082,0.3211892581342606
809496,-0.15461805826290317,0.6498786488608221
809526,-0.18721461187214614,0.5814857926444127
809620,-0.4526860709936597,0.16207833306844965
809625,0.8031617566464737,0.0029093759001438462
809660,0.25183105005726514,0.45504835752016737
809670,-0.17244630974484051,0.6121308316568614
809675,0.7058001508049396,0.015226994225271998
809679,0.07722712895994126,0.8214445452583907
809680,-0.4329121270260764,0.18352652655465473
809724,0.8264217694600361,0.0017122429363057583
809771,-0.6965690475257057,0.017240243572445108
809792,0.620730661326799,0.04155519361759382
809812,0.1474717014518614,0.665225538138173
809854,-0.5247643189528834,0.09744473163585218
809856,0.1461202447927114,0.668141022093742
809860,-0.3148283108307177,0.34569362773450807
809910,-0.19042894824443757,0.5748951481617603
809950,-0.23297035063540658,0.4905706753116571
810019,0.28262034097071087,0.39974813767197004
810047,-0.5703176639051589,0.06694858356646788
810054,0.24763401617197728,0.46284807913695414
810069,0.05530188804444803,0.871703966484139
810186,0.6758961565049042,0.022429613501572288
810286,-0.2425103951751748,0.4724519536013052
810352,0.10049472345898146,0.7687631871447428
810499,0.17240954748160867,0.6122078414971088
810509,0.3040818202797687,0.3632837963123907
810539,0.5034443575988876,0.11440046794075497
810652,0.6272727272727273,0.03884525362035334
810684,0.14781585991629703,0.6644837509356335
810742,-0.5622657163378397,0.07179237892576358
810775,0.3041603842444641,0.36315356182587244
810815,0.39269815788041185,0.23221559214854812
810817,0.21552820242707713,0.5244679159074684
810819,-0.13103759902870826,0.7009504226019689
810872,-0.20169477040024564,0.5520292363935588
810890,-0.16827023462899218,0.6209012714659659
810910,-0.16359606144485353,0.6307705451843908
811006,0.30974554025752005,0.35395680707455823
811051,-0.3484523909175282,0.29363399836527626
811061,0.19400209846294555,0.5676031268483027
811090,0.37648225367971366,0.25377604416249816
811109,0.36322702888659486,0.27221800466501145
811147,0.31193973345246884,0.3503771785799732
811334,0.03189074333047437,0.9258397000680177
811340,0.6358147215404102,0.035495110871888204
811341,0.1375594121381643,0.686703542815263
811390,0.4922654392469793,0.12400512524951197
811410,-0.05153935275430105,0.8803767169206123
811443,0.0821917808219178,0.8101408788393285
811451,0.1885102301816505,0.578825777745116
811487,0.7536188095678008,0.00739577148731386
811506,-0.19872480051785538,0.5580214811761692
811524,-0.14286321078149072,0.6751842568701598
811571,0.055048188256318034,0.8722883630840339
811694,-0.17721444263289027,0.6021725984085393
811717,-0.5071820108166075,0.1112996736532878
811739,0.6083522593776318,0.04703599570211378
811772,-0.05991037871481869,0.8610986032537685
811804,-0.5022883414749454,0.11537067274689115
812025,0.7218298771742614,0.012141220029471324
812060,0.5556603314000418,0.07593731905984202
812062,-0.15102574625859597,0.6575783507055133
812103,0.6041205748612752,0.04901843419038167
812176,0.3045038632591154,0.3625844629362861
812178,0.13561334219648094,0.6909453873869338
812255,-0.08426587150642366,0.8054280321493354
812350,0.17723648501553052,0.6021267026766493
812360,-0.3264583478089091,0.3271716720444551
812372,0.35568191292358975,0.28304198963006993
812376,-0.1793430736820827,0.5977464505978862
812418,-0.07387271390337455,0.8290993934568759
812442,0.3234632537805257,0.3318900645806114
812464,0.18462984077347758,0.586806517352866
812651,0.16748715787172477,0.6225508448244854
812681,0.013825031590233277,0.9678196071330126
812688,-0.5080104834060725,0.11061980865106762
812749,0.3816344065935134,0.24680613361373238
812800,-0.20668441305996385,0.542021067826733
812804,-0.24770682652912623,0.46271224989841675
812821,-0.08671824188679005,0.799863138965995
812889,-0.33111119544566336,0.31991316638085127
812949,0.3356401659331825,0.31293183369910393
812952,0.7032036780649236,0.015775201823779277
813018,0.5436961043637795,0.08384615645918117
813083,0.2414584852164488,0.47443476075216384
813149,0.2505701261680129,0.4573852261533532
813183,0.14545454545454548,0.6695786456420787
813184,0.1549722810828523,0.6491210613236744
813253,-0.07244256247549917,0.8323671275229221
813352,0.09216981340741337,0.7875226998321219
813366,-0.2778971277117667,0.4080069456925489
813371,0.1637342523125017,0.630477974933572
813564,0.06461347526461296,0.8502967253836616
813630,0.40368671387966554,0.21823428781415283
813654,0.21917808219178087,0.5172943057968549
813865,0.34976534730175707,0.2916943812813115
813959,-0.5994547343206702,0.05126996921539129
814003,-0.3165270824738287,0.34295462418301614
814043,-0.5205533720740343,0.10065406432187354
814048,0.1827304324925219,0.5907281916246112
814107,-0.17012618125253007,0.6169979292644737
814113,-0.44447267815503955,0.17078869063261348
814177,-0.3926511189157249,0.23227653581770488
814244,-0.05835400068608294,0.8646780224240923
814261,0.20291147067810483,0.5495819373656163
814367,-0.8641585652180932,0.0006016968219248591
814514,0.319634703196347,0.3379736797637459
814589,0.1609233672282382,0.6364383458382347
814717,0.10958122661853767,0.748414088247906
814765,0.11042643483554208,0.7465283568809675
814902,0.3879563742835099,0.23840589336584297
814911,-0.21372149510602748,0.5280342919762171
815099,-0.49068780152214553,0.1254007716128737
815224,0.2098492250348007,0.5357120047395365
815244,0.31800274120746674,0.34058463392886534
815357,0.19583299433917967,0.5638808438356866
815488,0.1885102301816505,0.578825777745116
815548,0.1023532631438318,0.7645899199015014
815599,0.4896713819627135,0.1263052341007516
815781,0.5898734113721283,0.05611363120230492
815815,0.04493713199205441,0.8956230532847322
815976,0.38729833462074176,0.23927242482697814
816004,0.03345493276435782,0.9222115305834409
816042,-0.523570314404736,0.09834782458074524
816075,-0.5714528431259629,0.06628392366057204
816120,0.19771421064483224,0.5600663640329084
816379,0.7525418826463263,0.007529573099811098
816387,-0.04779276109193974,0.8890244550975394
816526,-0.005022716377647443,0.9883064084215006
816791,0.8699889274841112,0.0004982622359490545
816966,0.5701529499291559,0.06704539723067333
817202,0.23908614559623964,0.47892026108462693
817207,-0.4276144555806837,0.189551058937
817418,0.5543218625245872,0.07679627097006299
817625,-0.7206023170919481,0.012359959617014988
817648,-0.04767312946227962,0.8893007677832916
817762,0.47562915383365295,0.13922799401217825
817814,0.4420024235206249,0.17346348951582113
817918,0.06897007348075543,0.8403111992058838
817921,-0.44256002809048195,0.17285748392067218
818064,-0.7103501775889886,0.01429956610205584
818137,0.5809475019311126,0.06089838300504606
818283,0.5390794501929677,0.08703846504486616
818704,0.3470355813826896,0.2957349819541916
818881,-0.2671086519816801,0.4271798441927308
819600,-0.1048533079814603,0.7589850513479666
819696,-0.8328707370650019,0.0014583224143040483
819700,0.03472371075338798,0.9192695482944803
820223,0.3784238463845111,0.2511363641307765
820319,0.3897881336741011,0.23600335416222107
820324,0.43681046537811774,0.17916860532475354
820477,0.3454545454545455,0.2980892209030388
820605,0.4222902011004427,0.19572476496801874
820951,-0.4743416490252569,0.1404529708782943
821269,0.24021629203809003,0.47678106826862365
821737,0.31486880929507033,0.345628197468124
821902,-0.33654046925798436,0.3115539336130199
829896,0.3027650354097492,0.3654701836821982
892320,0.19355660815556808,0.5685102854319004
929417,0.055430947468611394,0.8714067006140012
930785,-0.17683321604017702,0.602966577425278
931476,-0.6709021702435497,0.023832900598895687
931480,0.7650500730498474,0.006080511782884523
931757,0.544713070126946,0.08315354392773515
931766,0.3476056037826665,0.2948887060810344
931813,-0.47248203522978655,0.14223423538224683
932076,0.3234632537805257,0.3318900645806114
933057,0.24256864502491862,0.4723422647419253
933275,-0.15293683549420717,0.653478381395406
933401,-0.05977922455092129,0.8614001471342522
933517,0.5504818825631803,0.0792964878717761
933519,0.6277007578872894,0.03867234997780723
933533,0.23668231560156436,0.483484608356592
935268,0.20325981892791878,0.5488820722439602
935272,0.2778301657000209,0.40812462864998544
935856,-0.5805052121814782,0.06114242742328545
935880,-0.20976176963403032,0.5358859377978678
936475,0.5315855248729062,0.09238962689828246
936493,-0.06121460921524145,0.8581008854555171
936807,0.5530188804444802,0.07763865858045559
937035,0.3388209782775889,0.30807838713282165
937258,-0.46409833689081026,0.15044087395242947
937600,-0.7678668180857438,0.005784764293493668
938427,0.659256524138491,0.02734523621545979
938515,-0.32212519346941454,0.33400961100869775
938519,0.3825047256407655,0.24563974376363498
938676,0.41764411345616637,0.2012096531356839
939349,0.11948190272984933,0.7264048883128063
939393,0.0,1.0
939397,-0.9033121344443983,0.00013815104061481214
939591,0.2505701261680129,0.4573852261533532
939617,-0.41505487879808506,0.20430582492895463
940329,-0.2795238123019855,0.4051532236940798
941119,0.49806966831499877,0.11895618705836006
941156,0.0669790615245721,0.8448721541508825
941320,0.5081495473197969,0.11050595355396199
941485,-0.22935287163239837,0.49752015434140373
941507,-0.10359395405656245,0.7618071220548917
942414,0.33643768272674013,0.3117110803890415
942907,0.23537028138352606,0.4859840239080747
942925,0.34043827137371024,0.3056264248305704
943579,0.35636278444485653,0.28205555354750744
944457,-0.6575588529273034,0.027886084326311532
944653,0.1355510223400215,0.6910813584432698
945267,0.09653391119992656,0.7776752930958138
945328,-0.06757373783994859,0.843509432369986
945549,0.5866087346094033,0.05783282048912272
945567,-0.06990220532097353,0.8381774031026618
945753,0.5154614273559055,0.10462606559015915
946020,0.6575209924014945,0.027898231283691875
946610,-0.27514873987738225,0.41285074705754876
948876,0.1927588215951537,0.5701362514398377
949173,0.004802256438101086,0.9888196419775102
949192,-0.07489521998675736,0.8267645693157775
949216,-0.130892578601184,0.7012682224650988
949625,-0.03813850356982369,0.9113560926100186
950082,-0.042379344841321,0.9015384737646888
950092,0.3027650354097492,0.3654701836821982
951484,0.0956722299914231,0.7796173620638178
951499,0.468996499669137,0.14561108070577924
951896,0.48277010168471457,0.13255646646653008
951905,-0.041867711642655604,0.9027222815913688
951964,0.17683321604017702,0.602966577425278
952873,0.19586859448898397,0.5638085632619352
952886,0.42035135163696963,0.19800259422014765
953099,0.686500653251449,0.019646129914860744
953102,0.4735744807002439,0.14118610255602715
953115,0.1526242162179606,0.6541484769770531
953164,0.452054794520548,0.1627378359170632
953429,-0.8882144915515569,0.00025950632635101376
953434,-0.4608735379818358,0.15367465524475984
953475,0.1306545086563968,0.7017900255304678
953529,0.5894556745377231,0.05633164337501643
953531,0.6682666300736619,0.0245980351257815
953559,0.5809475019311126,0.06089838300504606
954050,0.3986891436546796,0.2245298579678909
954438,-0.42438195472613194,0.19328505344320837
955367,0.6356875530428595,0.03554345075774427
955556,-0.21552820242707713,0.5244679159074684
955952,0.5284751751907181,0.09467273983443358
956412,0.9060233109347938,0.00012204467984664798
956430,0.0797567759471935,0.815681031671994
956463,0.31469724952594685,0.345905417877456
956474,0.26391359254362673,0.43293927137701427
956710,0.03985281636728086,0.9073860192295925
956754,,
956872,0.3364198189370588,0.31173839609592346
957328,0.19493695651204382,0.5657013160961357
957532,-0.6849386474658347,0.02003973954137378
958439,0.08525707740185737,0.803177808352335
958459,-0.29945602856425896,0.3709941161145791
958627,0.5572321949325639,0.07493681522567851
958754,0.3448357869176533,0.2990133718429574
958769,-0.06772854614785963,0.8431547466926002
958934,-0.6394996443137423,0.03411422829778363
959816,-0.18698939800169143,0.5819486546099306
959851,-0.5389964964999991,0.08709654930675886
960062,0.21004566210045666,0.5353214119751141
960464,0.5092712787149057,0.10959033802775031
960848,-0.2395087635345007,0.4781198069474807
960862,0.2700292463484943,0.42194747084408146
961182,0.316264210083211,0.343377717747109
961507,0.5022883414749454,0.11537067274689115
961823,0.4783611499571155,0.13665108282361083
962285,0.30510802855858954,0.3615845556860907
962510,0.4827905143652881,0.1325376926053736
962516,-0.6094078027986539,0.04655024172303531
962915,0.6055300708194984,0.0483518642946535
962981,-0.2641429259799623,0.43252464956002756
963233,0.14679516868351475,0.6666844982807617
963289,-0.0046084906703706685,0.9892707343069737
963592,0.11192491113656228,0.7431881992845787
963730,-0.1293347323086304,0.7046848103264161
963981,0.4827905143652881,0.1325376926053736
964035,0.11219363880101486,0.7425896139001371
964134,-0.28644211763983113,0.3931265833031935
964215,-0.14923321484874968,0.6614316851520434
964490,-0.2702949513597944,0.42147298718952086
964636,0.7123287671232877,0.013909251873400254
964960,0.1628659592034605,0.6323170671393059
965341,-0.09700415807006994,0.7766159249022375
965549,0.5797153256092274,0.061579915512933264
965976,-0.07816608327818951,0.819304304996475
966121,0.20595019597543474,0.5434890680493205
966810,0.1820705319490885,0.5920929908705774
967103,0.7597313872823196,0.006669025694764571
967116,-0.6235981590218781,0.040351763557021456
967242,-0.39451757744650756,0.22986550274889994
967287,0.22382548415701314,0.5082210909073019
968461,0.27184805218188973,0.41870468377202086
968695,-0.0400903048935658,0.9068361820040413
969010,0.2916791703284591,0.3841424207976779
969077,0.08528028654224418,0.8031251352412456
969177,0.5928106434633027,0.05459694606509761
969340,0.10091849296170197,0.7678111428801451
969698,0.04566257649772231,0.8939461664563255
969969,0.8085720687077188,0.002587950425829557
970238,-0.9108740321221569,9.684343642310025e-05
970256,0.4098369930304842,0.2106311894271776
970257,0.36779978227548915,0.26577314308757943
970591,-0.503843322002372,0.11406685675759495
970727,-0.6549370092500068,0.02873610686314467
970743,-0.2347185882638107,0.4872276244840531
970790,0.28493761077015894,0.3957267228972824
971135,0.452054794520548,0.1627378359170632
971152,-0.2787737868500499,0.40646778677966444
971542,0.06310133798587209,0.853767304733521
971668,0.526546497802415,0.0961069037001521
971705,0.2628001654121231,0.43495496674103296
971809,-0.9224002890744369,5.282246139249058e-05
971987,-0.7253235664820743,0.011534009589421936
971994,0.5703176639051589,0.06694858356646788
972423,-0.24429893880519077,0.4690892559453993
973658,0.609886567638838,0.046331060966287634
973722,0.42697046993954546,0.19029144594422348
973734,0.4512848420432584,0.16354445964192177
973877,0.2827874776403897,0.39945741367671816
974394,-0.14572862849638937,0.6689866236146749
974540,0.5570617468197261,0.07504487810601973
974676,-0.3041765350680117,0.36312679178513474
974744,0.21372149510602748,0.5280342919762171
975105,-0.4922654392469793,0.12400512524951197
975485,-0.3020602874306376,0.3666431108602918
975529,-0.3030970097959552,0.3649183391462152
975530,0.03994411732627059,0.9071746334634451
975536,-0.3407108364415982,0.3052142413358804
975945,0.40937318050596594,0.2111990016656264
976128,0.5828474393714825,0.05985756122780288
976133,-0.8847075843923928,0.0002966467714293491
976233,0.2097066159629206,0.5359956405415369
976836,0.8758397933873008,0.00040858837161562346
976969,0.6987888910287315,0.016739652954134102
977028,-0.6048819845203556,0.04865757424910791
977510,0.5918640302493727,0.05508264926387144
977549,0.17761858099726954,0.6013313243575165
978533,0.05556508399324771,0.871097756353469
978557,0.2870166899742693,0.39213583771594773
982700,-0.6790837880223555,0.021565225127656996
982732,0.09122183747283912,0.7896655144979003
982747,0.35310640539134197,0.2867906701759873
983184,-0.11578406146711151,0.7346044067113517
983455,0.9425511509082524,1.40626865631456e-05
983722,0.1487044791289829,0.6625697019118325
984008,-0.713975634412968,0.013590281961881877
984114,0.15971068281906298,0.6390158045642209
984282,0.5796112077534917,0.06163774026652359
984374,-0.019112739302699862,0.9555204988195128
984599,0.35909242322980395,0.2781201560299044
984693,0.28310797428587836,0.3989002218282989
984786,0.03973047206517872,0.9076692869635461
984833,0.2465779130877005,0.46482031341588437
985215,-0.47469974412129085,0.14011158689588896
985224,0.69725504228085,0.017084417074772297
986157,-0.5575620888874386,0.07472796065374482
986167,0.17553133365060275,0.6056809145225528
986180,0.15068493150684933,0.6583104144348022
986198,0.29760179384080077,0.3741079928204083
986428,0.4562405763666962,0.1583958108250769
986594,-0.42497059725935404,0.19260181332876009
987383,0.3566128628129685,0.2816937252633169
987906,0.3094894566997469,0.3543758163090427
988292,0.4897037993193671,0.12627632335462438
988945,0.8952660224997571,0.0001956033412384841
989185,-0.26406321373716585,0.43266874334415184
989322,-0.22883834436313075,0.49851208673430836
989349,-0.16164615182030784,0.6349038444360012
989436,-0.05154614273559056,0.8803610549265368
989696,0.7746829608553245,0.005112945458591244
989777,0.368004260407936,0.2654869844945469
990026,0.11945462064187413,0.7264652899141403
990068,0.1728812317716391,0.6112200215159697
990103,-0.009153342043352655,0.9786911854845415
990249,0.19472757196556914,0.5661270549016635
990289,0.05257203720113371,0.8779951379444659
990803,-0.40871056530996663,0.21201176774754116
991045,-0.009174698042719672,0.9786414788578404
991218,-0.4010189646957636,0.22158181846951358
991273,-0.19689251396214455,0.5617312261515464
991300,-0.10540925533894599,0.7577400727729552
992423,-0.6915577594140101,0.018409628862972552
992633,0.030677104708777304,0.928655636800556
992961,0.4748858447488585,0.1399343778944662
993257,0.004598004898717029,0.9892951455691231
993477,0.0,1.0
993606,0.03189074333047437,0.9258397000680177
993694,-0.21784698968999375,0.5199056382700518
994084,0.13888481135706696,0.683819200304885
994223,0.8575291629771349,0.0007381631401495049
994448,0.09469453525887779,0.781822273522979
994483,0.1099233505114614,0.7476506311404832
994577,0.5962872139820219,0.052838235974716846
994867,-0.05636847628908105,0.869247716876944
995244,0.5655193586797033,0.0698076739162597
995313,-0.4570719075617868,0.15754210684095604
995318,0.004674173184138672,0.9891178231872777
995485,-0.10958904109589043,0.748396647801532
995528,0.425400880453848,0.1921033043972192
995561,0.4954336943068623,0.12123246989021404
996035,-0.0023540427026089465,0.9945193309596516
996377,-0.6323031357310819,0.03684689563189431
996427,0.9238097018681004,4.874150918740377e-05
996434,-0.6575147005165352,0.02790025029791145
996436,-0.47209149159800595,0.14261012298563894
996870,0.3143516128289616,0.3464642793059802
997001,0.5081495473197969,0.11050595355396199
997046,-0.3666582955682633,0.26737380722521403
997282,0.241505834686149,0.4743454283201862
997417,-0.340102444218991,0.30613469226984036
997743,0.317262338011475,0.34177268324771953
997853,0.40693529003421336,0.21419845377543195
997982,-0.15807578393277047,0.6424963201482107
997990,-0.3094894566997469,0.3543758163090427
998020,0.16895153304157257,0.619467370064624
998030,0.4828045495852676,0.1325247851740472
998691,0.17761858099726954,0.6013313243575165
998788,-0.5598966849595741,0.07326106194728975
998960,0.750346349143454,0.0078078268187524655
999016,0.19631527373382426,0.5629019624203673
999042,0.185216946644159,0.5855963403601048
999069,0.01165829027971115,0.972861361935147
999139,0.24990456463453964,0.45862093789713787
999464,0.279176932322256,0.4057609375052832
999465,-0.23744292237442924,0.4820382889788656
999520,0.12732709618414012,0.7090950788480431
999580,0.4128483802978717,0.2069666343171543
