,Mus,Rattus,Pan,Homo,Gorilla,Macaca,V2,V5,V7,V9,root
1000131,941,925,988,987,987,937,965,987,987,959,825
1000249,1008,964,991,991,991,990,986,991,991,988,939
1000358,1097,992,1006,1006,1006,1009,1002,1006,1006,1009,1002
1000360,1000,982,998,1000,997,1000,987,998,998,992,992
1000362,1012,1025,988,988,988,990,1025,988,988,990,1025
1000739,999,1000,1003,1003,1004,1003,1000,1003,1003,1003,1000
1000809,1002,974,999,986,985,991,974,985,985,978,978
1000823,1022,992,1002,1002,1002,1098,1000,1002,1002,997,1000
1001353,1007,1007,1001,1003,1001,1002,1006,1003,1003,1005,1006
1002798,909,1072,916,959,911,843,979,916,916,904,818
1002891,889,896,985,987,989,998,865,987,987,977,865
1002933,983,993,1000,1001,1016,997,974,1000,1000,998,974
1003383,1005,997,1008,1008,1009,1009,999,1008,1009,1009,999
1003384,1000,981,998,998,998,998,999,998,998,998,997
1003817,1014,1000,1010,1015,993,1010,1000,1009,1009,1010,1000
1003905,1000,973,1014,1023,1021,1022,984,1021,1021,1022,984
1004146,998,998,1008,1008,1008,1009,999,1008,1008,1009,999
1004368,985,998,993,1002,996,995,1000,996,996,993,1000
1004406,924,981,1016,1016,1020,1015,988,1016,1016,1016,1016
1004511,1006,1012,1005,1005,1006,1004,1007,1005,1005,1006,1007
1004593,1006,1000,1001,1001,1013,1000,1005,1001,1001,1001,1001
1004845,1067,1006,988,999,1004,1031,987,1002,1002,996,987
1005043,1028,1048,1046,1076,1043,1038,1020,1046,1044,1038,1038
1005337,1000,1017,1069,1063,1059,1060,1057,1062,1061,1058,1057
1005341,1072,1047,996,995,1025,986,1036,996,996,995,1036
1006391,1038,1019,996,997,993,1000,1022,996,996,992,1022
1006570,1000,1002,1000,1000,1000,1000,1000,1000,1000,1000,1000
1006589,1001,1007,999,999,1003,1007,1001,999,1004,1003,1001
1006742,1003,1007,1001,1001,1002,1011,1003,1002,1002,1005,1003
1007251,997,1006,1007,1006,1007,1000,1003,1007,1007,1003,1003
1007342,1011,1051,1005,1018,1017,1005,1006,1016,1017,1032,1006
1007426,958,1016,1009,1009,1014,1035,984,1009,1010,1011,1011
1008205,1025,1005,958,955,961,1189,1004,961,961,961,932
1008600,995,992,1002,1004,1003,999,996,1004,1004,1003,1003
1008660,1007,1035,1021,1021,1022,1028,1007,1021,1021,1028,1007
1008831,970,977,989,989,989,995,964,989,989,990,964
1008886,1056,1053,954,957,973,948,1040,957,958,958,1040
1008898,1055,1042,999,997,999,996,1058,999,999,991,991
1008899,953,984,989,984,978,950,953,984,984,981,923
1008909,997,985,989,982,989,1001,990,990,991,995,990
1009169,994,999,977,991,1007,1006,998,990,990,993,974
1009206,1000,1001,999,999,992,999,998,999,999,999,989
1009324,995,992,1003,1003,1003,999,995,1003,1003,1000,993
1009355,1051,1026,1052,1054,1089,1064,997,1053,1050,1055,997
1009414,995,993,1010,1010,1008,1007,997,1010,1010,1008,997
1009498,995,998,1011,1011,1011,1011,997,1011,1011,1011,997
1009703,999,1001,1005,1005,1006,1005,999,1005,1005,1005,999
1009709,1020,946,998,1002,1001,1045,973,1001,1001,1017,973
1009819,1053,1063,1028,1029,1029,1015,1005,1029,1029,1018,1005
1009823,995,993,985,985,985,986,995,985,985,982,995
1010132,1005,1005,1007,1007,1007,1003,1005,1007,1007,1007,998
1010297,997,1002,999,999,999,999,997,999,999,999,996
1010344,999,1053,1024,1029,1063,1027,1026,1027,1027,1026,885
1010356,1003,995,1005,1024,1019,1026,1002,1024,1024,1025,1025
1010483,994,1017,975,976,974,980,997,974,974,974,974
1010709,962,954,954,939,943,957,956,939,940,947,956
1010811,1017,999,1000,997,999,997,1004,998,998,997,997
1011323,1131,1082,976,989,935,998,1132,984,984,984,727
1011337,1005,991,998,994,995,976,1002,995,995,994,1002
1011498,1015,1010,1010,1012,1010,1010,1011,1011,1010,1008,1011
1011982,999,1000,1000,1000,1000,1010,1000,1000,1000,1000,1000
1011989,1027,1026,1009,1007,1007,1007,1027,1007,1007,1007,1027
1012179,997,975,1003,978,1001,990,1002,1004,1004,1005,1002
1012299,994,997,1002,1002,1002,998,997,1002,1002,1000,1000
1012300,1000,1000,1000,1000,1011,1000,1000,1000,1000,1000,999
1012349,1043,1041,994,1016,1025,1014,1040,1016,1016,1014,1014
1012492,1012,1012,1002,1002,1002,1002,1012,1002,1002,1002,1012
1012571,997,1001,1024,1017,1017,1021,1005,1017,1017,1017,998
1013162,1103,1028,1174,1175,1239,1176,1016,1175,1175,1174,915
1013366,1194,1218,842,835,831,816,1169,838,838,829,737
1013766,1001,1001,998,996,996,996,1001,996,996,996,996
1014071,988,963,1025,1021,1021,1016,977,1017,1017,1016,952
1014303,1003,1003,1004,1004,1004,1006,1003,1004,1004,1002,1002
1014351,969,911,1039,1047,1012,1044,930,1039,1039,1032,930
1014402,1021,1035,999,1004,1004,997,1010,1004,1004,1000,1010
1014824,1002,1005,1006,1002,1005,1003,1004,1006,1004,1004,1004
1015315,992,988,1016,1016,1018,1001,994,1016,1016,1014,994
1015847,1000,1000,1002,1000,978,1000,1000,1000,1000,1000,1000
1016014,985,990,1002,1002,1002,1002,990,1002,1002,1002,990
1016374,996,1010,1000,1003,1003,999,996,1000,1000,1000,1000
1016509,999,999,1005,1005,1005,993,999,1005,1005,993,999
1016545,962,956,973,974,1008,977,951,973,974,975,975
1016898,996,1012,983,991,992,992,1006,991,991,991,991
1016915,995,1009,1008,1008,1012,1009,991,1008,1008,1009,991
1016928,982,972,988,988,988,987,995,988,988,987,995
1016970,1005,997,982,975,986,1002,1004,982,982,977,919
1017127,1023,1000,999,1000,1000,1000,1000,1000,1000,1000,1000
1017138,1001,1005,999,995,995,994,995,995,994,992,995
1017165,991,988,990,990,1028,992,991,990,990,990,991
1017334,920,912,863,873,861,852,927,863,863,851,927
1017399,1000,1000,1007,1000,1000,999,1000,1000,1000,1000,1000
1017489,1072,1034,959,957,959,998,1031,959,959,993,894
1017580,1004,1004,990,990,999,996,1004,990,1001,1001,1001
1017637,1000,999,1002,1002,1002,1002,1000,1002,1002,1002,1000
1017932,1026,1023,993,998,1006,999,1024,998,998,998,947
1018068,1010,1004,1000,996,998,1001,1007,998,998,996,1007
1018616,968,999,991,942,926,954,946,991,989,922,922
1018681,930,971,925,925,932,976,942,924,932,938,942
1018699,972,995,1031,1023,1022,1023,974,1022,1022,1022,974
1018851,1010,923,996,985,1030,969,1001,985,985,985,985
1019077,988,991,998,997,997,1000,988,998,998,998,988
1019157,1001,996,1009,1009,1009,1010,998,1009,1009,1009,1009
1019470,960,944,1034,1038,1034,1020,956,1033,1033,992,956
1019472,993,998,1015,1017,1015,1019,994,1015,1015,1015,994
1019797,1068,1077,1052,1044,1124,961,1069,1041,1044,966,914
1019829,1012,1019,997,1018,1015,1016,1015,1009,1015,1016,1015
1019841,974,1003,984,990,988,982,980,988,988,970,970
1019860,980,990,979,979,979,980,988,979,979,980,988
1020173,1009,1028,1053,1051,1054,1013,1009,1052,1052,1041,994
1020342,994,995,999,998,1000,994,997,998,998,1001,1001
1020388,989,977,1038,1042,1040,1041,975,1038,1038,1041,975
1020406,994,998,1013,1013,1013,1012,999,1013,1013,1013,999
1020497,986,989,970,970,970,970,995,970,970,970,995
1020514,1002,947,947,947,958,958,987,947,958,958,987
1020717,1028,1023,1017,1016,1048,1018,1022,1017,1017,1018,1018
1021076,998,993,982,982,990,1031,996,982,982,1013,1013
1021142,1025,1014,1003,1007,1022,978,1003,1003,1003,994,1003
1021236,988,998,1002,1004,1004,1003,993,1004,1004,1007,993
1021276,1001,1002,1025,1000,1000,1004,1000,1000,1000,1000,1000
1021354,1008,997,998,998,998,998,1001,998,998,998,1001
1021630,1001,996,1000,1000,1000,1000,998,1000,1000,1000,998
1021756,1000,1002,997,1000,1000,1000,1000,1000,1000,1000,1000
1021872,999,999,1000,1000,999,999,999,999,999,999,983
1021987,1002,1005,1000,1001,1002,1002,1004,1001,1002,1002,1004
1022106,982,985,1009,1009,1009,994,982,1009,1009,1008,967
1022107,984,1010,1006,1048,987,1011,999,1003,1003,1009,999
1022226,1113,1069,1003,1006,1006,1050,1067,1006,1006,1008,1008
1022234,984,990,1012,1012,1012,1015,987,1012,1012,1013,987
1022712,1147,1012,963,967,1000,968,1016,967,968,970,1016
1023107,943,945,964,965,966,991,934,965,965,976,934
1023706,997,996,999,999,999,997,995,999,999,998,976
1023854,983,979,1066,1051,1051,1059,985,1051,1051,1050,977
1023897,963,984,992,992,995,1049,987,992,993,991,991
1023904,1011,983,987,979,979,1000,983,979,979,995,983
1024194,1035,1036,1011,1014,1010,1000,1036,1011,1011,1009,980
1024270,991,1012,1004,1013,994,1011,1006,1005,1005,1004,1006
1024352,1010,1009,1019,1008,1009,1009,1001,1008,1008,1003,1001
1024362,1034,1019,989,961,1055,962,1016,968,968,972,972
1024389,993,990,1015,1009,1015,1009,986,1009,1009,1006,986
1024427,994,998,989,989,989,1080,995,989,989,989,995
1024606,1131,1122,989,996,993,975,1126,996,996,996,975
1024726,1000,1000,1000,1000,1000,998,1000,1000,1000,1000,1000
1024763,1024,1019,985,983,985,991,1013,985,985,984,1013
1024981,1052,1055,995,993,984,979,1051,995,995,995,995
1025054,963,947,971,972,974,943,967,971,971,968,884
1026000,1011,1002,1011,1016,1016,1003,1000,1016,1016,1007,1000
1026103,991,982,1011,996,996,1013,980,996,996,999,980
1026215,926,946,917,967,967,998,934,967,967,989,989
1026365,1013,1010,1005,1001,1004,1003,1005,1006,1006,1005,984
1026946,997,997,998,998,999,998,997,998,998,998,998
1026977,1000,1004,1007,1006,1004,1012,1001,1006,1006,1005,986
1027012,1038,1037,999,999,999,999,1036,999,999,999,1036
1027206,1001,998,999,999,1001,1001,998,999,999,999,998
1027394,1005,993,1005,1005,1010,1006,1009,1005,1005,1006,1009
1027791,944,974,1021,1029,1027,1017,953,1021,1021,1019,953
1027806,1001,1007,1002,1001,1001,1026,999,1001,1001,1001,929
1028174,1029,1026,1024,1024,1048,1020,1022,1024,1024,1020,1020
1028193,1006,997,996,994,992,993,998,994,994,995,968
1028294,1005,1015,987,987,987,996,1006,987,987,995,1006
1028306,1001,1001,999,999,999,999,1003,999,999,999,1003
1028378,999,996,1001,1001,999,999,999,1001,1001,999,999
1028571,995,1003,1001,1000,1001,1013,996,1000,1000,1002,996
1028800,971,970,993,992,997,985,969,992,992,992,992
1028944,999,975,1026,1026,1010,1006,999,1026,1010,1010,999
1029289,993,1014,989,996,996,996,993,996,996,996,996
1029473,1002,1002,999,999,999,1003,1002,999,999,998,998
1029643,1011,1004,1000,1000,999,1003,1008,999,999,1000,1008
1029924,1007,1018,999,999,999,1015,1010,999,999,999,1010
1030062,1006,981,1000,1000,952,1002,996,1000,1000,1000,1000
1030218,1008,1043,1012,994,1011,1048,1010,1012,1011,1012,1012
1030936,1024,1009,989,991,1002,995,1020,992,992,988,988
1030957,949,920,1006,999,1040,998,939,1002,1002,996,996
1030997,1026,1007,1003,1003,1003,1002,1006,1003,1003,1003,1006
1031205,999,997,1000,1000,997,1000,1001,1000,1000,1000,1001
1031818,965,979,1054,1054,1054,1040,967,1054,1054,1054,918
1031917,1016,1011,1014,1015,1000,1000,1009,1022,1000,1000,1000
1032123,1030,1044,1013,1013,1013,1015,1037,1013,1013,1013,1037
1032315,994,1001,997,997,1013,998,995,997,997,998,995
1032760,998,1000,987,1002,999,1002,1000,1002,1002,1002,999
1033257,986,1003,992,1009,1007,992,1012,1007,1007,1005,1005
1033267,1015,1008,1000,1000,1000,1000,1008,1000,1000,1000,1000
1033481,1061,1093,1020,1021,1007,1022,1081,1020,1020,1020,977
1033745,997,997,1003,1003,1003,1003,997,1003,1003,1003,997
1033755,1000,1011,1015,1015,1016,1015,999,1015,1015,1015,999
1034151,965,997,1009,1008,1009,993,983,1008,1008,992,983
1034252,1000,1000,1004,1004,1005,987,1000,1004,1004,1004,1000
1034292,996,998,987,987,987,986,997,987,987,987,997
1034435,1227,1086,995,995,930,991,1205,995,995,995,1205
1034674,1031,1025,1047,1041,1040,1039,1026,1041,1041,1041,1041
1034722,1010,1006,993,993,993,993,1009,993,993,993,1009
1034783,999,997,994,1002,1007,1002,1000,1002,1002,1002,1002
1034825,1013,1030,1046,1035,1053,1049,1033,1046,1049,1048,965
1034877,1038,1038,980,980,961,980,1038,980,980,980,1038
1034878,1002,1002,1000,1000,1000,998,1002,1000,1000,998,998
1034931,993,995,1004,1004,1004,1004,993,1004,1004,1004,993
1034939,1000,1006,998,999,997,1018,999,998,998,1001,999
1035193,1001,974,929,944,943,956,986,943,943,943,986
1035329,1002,988,987,994,996,988,993,994,996,992,992
1035432,1003,1001,987,991,985,1005,1009,986,986,988,1009
1036280,997,991,1000,1000,1000,1002,997,1000,1000,1000,1000
1036360,994,994,993,993,995,993,994,994,994,993,980
1036445,997,999,964,964,960,980,984,964,964,964,984
1036928,998,1000,998,997,998,1069,1000,998,998,998,997
1036981,1009,1005,1010,1010,1010,1010,1005,1010,1010,1010,1010
1037065,994,994,1033,1000,1005,998,994,1000,1000,1000,993
1037207,1000,999,993,994,993,997,1000,994,994,993,993
1037297,997,997,1001,1001,1000,1001,997,1001,1000,1000,1000
1037667,1002,1003,1020,1000,1014,1000,1002,1001,1001,1000,1000
1037830,1006,996,960,963,949,941,1002,961,961,960,851
1039322,953,1003,969,970,999,999,1003,970,999,999,957
1039413,1002,1004,1005,1006,1031,993,1000,1005,1005,1002,999
1039549,1033,971,973,974,973,1002,984,974,974,992,984
1039927,996,997,1026,994,995,968,994,994,993,993,984
1040389,1000,1006,998,997,1014,998,1004,998,998,996,996
1040472,1050,1019,985,986,986,972,994,985,985,988,994
1040870,1006,1003,991,993,990,998,1010,990,990,999,999
1041685,1024,995,998,995,946,991,1003,998,998,997,997
1042013,978,1011,1006,1006,1002,1006,999,1006,1006,1006,999
1042103,1005,970,971,969,1011,972,946,971,971,971,946
1042176,1003,958,981,981,981,1008,957,981,981,1006,936
1042195,979,997,1008,1006,1006,1006,997,1006,1006,1006,1006
1043046,1056,1018,999,1005,1006,1003,1049,1005,1005,1002,957
1043123,1005,1006,1000,995,994,992,1005,996,996,996,996
1043560,984,994,1026,1017,1021,1022,1005,1017,1017,1017,1017
298024,985,985,1005,1005,1005,1005,985,1005,1005,1005,980
300366,1001,1000,1022,1000,1000,1000,1000,1000,1000,1000,1000
302267,940,943,889,908,912,905,946,909,913,909,946
303017,988,991,961,994,961,962,990,961,961,961,935
304803,997,999,1002,1001,1001,1001,999,1001,1001,998,998
307058,995,986,1002,1002,1002,1008,996,1002,1002,1004,996
308129,1068,1068,1002,1003,1003,1003,1085,1003,1003,1003,1085
308904,1028,1030,971,1020,1034,985,1028,1032,1032,1032,1032
309286,1003,1000,997,999,1000,999,1001,997,998,999,999
310286,1004,1007,999,999,999,999,1007,999,999,999,1007
311937,996,996,1010,1011,1007,1005,995,1011,1007,1001,995
311939,967,981,1027,1027,1040,1027,987,1027,1027,1023,987
312035,1046,1052,1016,1016,1016,1014,1046,1016,1016,1014,1046
312251,1049,1038,1045,1046,1055,995,1039,1047,1047,1017,947
312264,882,972,923,877,1034,839,865,882,883,824,665
312335,990,973,995,995,995,1021,994,995,995,999,994
312382,1011,1005,996,995,1006,1003,1005,996,1000,1001,1001
312415,1004,1015,952,967,968,956,1011,967,967,959,1011
312422,1009,1002,1000,1007,1000,1000,1002,1000,1000,1000,1000
312479,1007,998,1008,1011,1010,1009,1002,1010,1010,1009,1002
312482,1001,988,998,998,998,1001,990,998,998,1000,990
312526,985,984,962,964,965,967,983,964,965,964,983
312791,993,989,996,990,1001,998,993,996,996,997,993
312840,1006,990,1007,1029,1007,1005,1003,1007,1007,1005,988
313186,1000,997,999,999,998,999,996,999,999,999,996
313321,1002,1002,957,957,957,957,998,957,957,956,998
314774,1012,1031,991,991,994,989,1018,991,992,986,986
316054,994,989,1051,1065,1073,1062,997,1054,1054,1052,997
316390,1014,979,1024,1021,1023,1010,989,1022,1023,1017,929
316858,1025,1025,901,914,900,900,1026,901,900,896,1026
316992,1000,982,897,901,915,898,974,901,899,893,804
317930,1001,1000,987,990,990,989,998,990,990,989,968
318962,1001,1001,1000,1000,1000,1000,1001,1000,1000,1000,1000
319153,1008,988,1006,1006,1002,998,991,1006,1006,1002,1002
320231,1010,997,996,994,1008,1009,1000,996,996,1002,966
320867,970,986,976,991,976,1034,972,976,976,977,873
321888,1005,1005,996,996,996,1004,1005,996,996,998,998
323054,1036,1023,1021,1021,939,998,1005,1021,1021,991,890
331512,1001,1003,1015,1015,1011,1011,1006,1015,1015,1007,1006
333782,1004,996,1039,1037,1039,1039,999,1039,1039,1039,999
362017,995,992,1007,1003,1006,1008,995,1006,1006,1007,995
574291,979,1009,1019,1032,1031,1054,1008,1032,1032,1033,965
574371,996,997,999,999,1001,998,997,999,999,999,997
575097,1009,1022,985,985,985,992,1028,985,985,986,986
575102,1018,1018,1001,1002,1001,1002,1018,1001,1001,1000,1000
575116,994,977,998,998,999,997,986,998,998,996,965
575124,1003,999,1001,1001,1002,998,999,1001,1001,1000,999
580586,980,980,949,950,950,944,980,950,950,949,949
580706,1002,1008,1008,1006,1002,1004,1003,1006,1006,1006,1003
580846,996,994,1010,1010,1009,1010,994,1010,1010,1010,994
581617,1010,1004,1001,998,1001,1024,1006,1001,1001,1000,1006
582240,1011,1010,991,995,991,998,998,991,991,1003,998
582283,983,981,1021,1021,1021,1020,983,1021,1021,1021,983
582948,1000,1003,992,992,993,992,1001,992,992,992,1001
583853,1005,998,1002,1006,1003,1006,1001,1001,1003,1006,984
584493,1051,1020,1042,1034,1040,1014,1047,1040,1040,1014,968
584518,1039,1004,1008,1008,1008,1008,1001,1008,1008,1008,1001
584546,1029,1036,977,979,977,983,1029,977,977,977,1029
585218,995,997,988,983,1010,972,996,988,988,988,988
585579,983,995,983,979,980,1006,988,980,980,978,978
586069,1035,1011,1032,1033,1034,1046,1019,1032,1032,1033,977
587075,923,886,974,973,987,875,916,973,973,933,832
589899,1001,993,999,1000,993,997,999,998,998,992,999
597892,1000,905,965,965,965,962,964,965,965,966,964
598421,988,985,1009,1009,1009,1009,985,1009,1009,1009,985
600051,1061,1073,1022,1029,1031,1034,1061,1032,1032,1029,1029
600056,975,990,1013,1014,1014,1026,998,1014,1014,1014,998
602803,1022,1016,974,974,971,973,1001,974,972,971,1001
603657,999,1001,972,972,972,973,1000,972,972,972,1000
603719,996,996,1000,1000,1000,1000,996,1000,1000,1000,995
603771,1000,995,986,984,988,1025,997,986,986,1020,997
603843,977,976,1034,1035,998,992,976,1035,998,992,992
604469,956,997,1213,1210,1214,1154,971,1214,1214,1151,971
604470,1037,1032,922,923,923,929,1032,923,923,927,1032
604655,1007,1011,948,950,953,967,1003,950,953,954,954
604852,1006,1002,1008,1008,1008,1004,1004,1008,1008,1006,1004
611311,1002,1001,1026,1000,1000,1043,1001,1000,1000,1001,994
611327,999,1003,1011,1011,1011,1006,1001,1011,1011,1011,1001
611386,1002,1000,1001,1001,996,1001,1000,1001,999,999,1000
613097,966,1018,984,983,978,999,1022,982,982,988,1022
613216,984,1001,984,983,990,996,985,983,983,994,985
618014,1005,1005,999,999,1016,998,1005,999,999,999,999
625478,997,993,987,987,977,992,994,988,987,989,989
626025,988,997,1017,1014,1015,1017,1002,1014,1016,1017,1002
628759,1003,998,1010,1010,1008,1011,1004,1010,1008,1009,1004
637887,1000,1000,1000,1000,994,1000,1000,1000,1000,1000,1000
638428,1018,1021,990,990,982,988,1017,990,990,989,1017
638985,1001,1014,1033,1006,1006,1007,1003,1006,1006,1005,1005
644256,1026,1024,983,986,986,1000,1026,983,983,1000,1000
644298,1012,1004,997,1012,1020,1010,1004,1010,1010,1011,1011
646024,1042,1077,1002,1002,1002,1004,1041,1002,1002,1005,1005
648948,999,1010,995,999,987,946,999,998,998,997,997
649330,1004,1001,1005,1004,1006,1004,1001,1004,1004,1004,1004
650229,1042,1064,942,942,898,944,1035,942,942,942,891
653346,963,963,994,977,994,993,963,994,994,994,994
653349,1008,1011,1016,1005,1005,1013,1008,1005,1005,1005,1005
653856,1000,1000,1000,1000,1000,1000,1000,1000,1000,1000,1000
653857,1013,1065,992,992,992,993,1012,992,992,993,1012
653902,990,990,1004,1002,1002,1003,992,1002,1002,1003,992
654466,973,969,1064,1060,1065,1075,965,1065,1065,1057,965
657380,982,988,979,977,1004,977,1002,977,977,977,976
657402,979,1016,1003,1003,940,1002,977,1003,1003,1003,1003
657601,970,984,1006,1005,1006,1006,985,1006,1006,1006,985
657983,931,963,1021,1018,1018,1021,940,1018,1018,1018,940
661709,1000,1003,997,997,997,997,1004,997,997,997,1004
661733,989,997,994,992,993,990,996,992,992,991,996
665896,1007,1007,995,995,1025,994,1006,995,995,995,993
666068,1001,1009,991,994,1009,1003,1004,998,998,998,998
670148,1039,1044,1005,1008,1021,910,1043,1008,1005,1005,1005
670155,1009,1020,1001,995,996,1011,1010,996,996,996,996
673525,1008,1006,987,987,991,987,1006,987,987,987,1006
674209,970,975,1002,1002,1009,1002,969,1002,1002,1002,1002
674300,1000,1013,998,1005,1005,1064,999,1005,1005,1004,1004
678190,1033,997,990,990,989,990,999,990,990,989,999
678194,1023,1021,934,953,947,979,1024,953,953,977,968
680549,968,977,999,1000,1021,1000,1001,1000,1000,1000,1001
684570,986,995,983,983,960,977,989,983,983,978,978
685139,1027,1011,997,997,1014,996,1010,997,997,997,997
685462,997,971,999,999,1005,999,1002,999,999,999,999
687821,1010,1005,996,998,998,997,1004,998,998,998,967
690196,988,1056,988,993,981,997,1035,988,988,988,1035
690311,981,979,1035,1005,988,1007,981,1006,1006,1007,978
691234,1002,984,995,973,1011,1019,979,998,999,999,979
691685,953,966,1055,1042,1032,1030,955,1043,1044,1043,1043
693427,1049,1067,996,996,1043,968,1038,996,996,996,996
695193,1028,1008,998,998,994,1000,1008,998,998,999,999
695546,994,989,986,986,1021,1045,991,986,986,986,991
695711,1104,947,899,887,893,957,1050,900,902,889,1050
695743,978,997,998,993,997,997,998,997,997,997,998
695763,1000,1000,998,1000,1000,1001,1000,1000,1000,1000,1000
700018,1008,994,1008,1009,995,1013,999,1008,1008,1008,999
700359,1051,994,932,967,970,964,1005,971,971,964,1005
700409,976,955,1013,1014,1011,982,972,1014,1014,984,972
701567,1003,900,1011,1025,1010,1014,1003,1010,1010,1010,1003
702163,996,996,1014,973,1014,1010,996,1014,1014,1014,1014
704236,995,1011,978,979,979,980,1000,979,979,979,1000
707120,954,985,1002,1002,1007,998,984,1002,1001,999,999
707131,1014,1035,1046,1042,1046,989,1005,1046,1046,1004,991
712785,978,949,950,956,939,946,976,956,956,956,956
712853,1016,1007,996,994,995,996,999,996,996,996,999
716261,990,988,1063,1029,1027,1032,993,1027,1027,1027,993
717931,1013,1011,1013,1012,1010,1011,1013,1012,1010,1011,1013
718466,999,988,1039,1041,1036,1039,998,1039,1039,1039,998
718542,982,979,975,975,921,961,978,975,975,976,927
718587,1007,1003,996,996,996,996,1003,996,996,996,1003
721530,1007,1001,995,995,995,991,1001,995,995,993,1001
721839,972,977,991,993,991,980,976,991,991,991,976
726015,995,996,998,1004,1000,996,999,999,999,999,999
726457,1016,1018,1031,1031,1031,1038,1016,1031,1031,1030,1016
726596,998,1003,995,995,995,995,998,995,995,995,998
726827,1106,983,992,995,988,996,987,992,992,993,993
729125,990,990,1011,1011,1007,1008,994,1011,1011,1008,994
731121,1004,1000,997,998,998,1001,1003,998,998,998,1003
732092,1000,991,1013,1013,1017,1021,996,1013,1013,1013,996
736823,1039,1041,1046,1040,1044,1064,1028,1046,1046,1050,1028
738094,992,998,997,997,1000,994,1001,997,997,996,1001
739516,1000,1000,1000,1000,1000,1000,1000,1000,1000,1000,1000
739670,997,991,1001,990,1024,1001,993,1001,1001,1001,1001
739677,1000,997,948,966,965,974,1000,965,965,966,964
739678,925,952,901,901,902,915,939,901,901,914,939
741327,1024,1006,982,982,979,965,1009,982,982,966,927
741693,994,1006,999,999,1002,1004,1007,999,1001,1001,1007
744619,993,993,996,989,995,995,997,994,994,996,997
745941,984,986,1001,1001,1002,1000,974,1001,1001,1001,1001
746262,999,1020,1003,1003,1003,1010,999,1003,1003,1009,999
746321,1000,1000,997,997,1008,999,1000,997,997,999,998
746367,989,1036,1009,999,987,998,994,994,995,983,858
750052,1014,1020,1031,1031,1030,1022,1017,1031,1030,1030,988
751685,1009,1036,994,991,1005,1002,1002,994,994,994,992
751692,912,981,987,977,976,962,986,986,976,969,969
751964,999,999,995,994,997,994,999,996,996,992,992
752457,922,905,1252,1145,1141,1149,911,1146,1146,1146,790
753353,970,967,1025,1025,1025,1025,970,1025,1025,1026,970
754321,959,976,1021,1023,1060,1077,995,1024,1026,1068,862
755059,1005,999,1015,1013,1016,1023,997,1013,1013,1014,997
757883,1016,1018,993,993,980,1011,1015,993,980,980,980
757940,999,997,939,938,938,949,999,938,938,936,918
767998,983,989,986,987,987,998,989,987,987,989,989
768973,1003,999,1001,1001,1001,995,993,1001,1001,1001,993
769904,988,989,997,997,997,990,988,997,997,997,977
771400,1017,1022,1000,1000,1001,1018,1017,1000,1000,1000,1000
771980,949,972,995,995,880,992,966,995,995,992,896
773891,1058,1040,1027,1028,1019,1046,1017,1027,1019,1026,1017
773920,960,957,1099,1120,1093,1037,959,1099,1098,1048,868
775374,1002,1003,998,996,996,995,1003,996,996,996,996
775698,984,997,997,997,997,997,998,997,997,997,998
776895,995,993,998,997,1000,998,995,998,998,998,998
777146,995,1013,1076,1077,1076,1061,993,1076,1076,1060,993
777210,993,982,1001,996,998,998,990,996,998,997,990
777213,961,964,976,978,984,989,970,978,978,997,909
777836,1135,1130,1006,1007,1017,967,1122,1007,1007,977,940
778335,982,945,936,990,936,927,952,936,936,929,952
779952,990,995,1005,1005,1004,1000,990,1005,1005,1000,1000
781304,1009,1007,1007,1004,1002,998,1012,1004,1004,999,913
781307,970,1053,1004,1004,1005,1011,970,1004,1006,1006,962
782049,1003,1001,1015,1015,1015,1016,1006,1015,1015,1015,1006
782057,1068,1030,1044,1040,1046,1042,1025,1044,1044,1041,1025
784243,999,999,1007,1007,1007,1007,999,1007,1007,1007,999
784592,1006,977,992,992,993,964,999,992,992,967,999
784791,1357,1333,1067,1101,1054,1068,1333,1101,1100,1053,926
784811,987,1002,1016,1019,1008,1016,999,1016,1016,1016,999
785737,1035,1013,1022,1018,1021,1007,992,1022,1022,1006,992
788186,994,994,991,991,991,991,998,991,991,991,998
788219,996,995,1025,1025,1025,1024,994,1025,1025,1022,994
788252,1000,1031,1000,1000,999,976,1000,1000,1000,1000,1000
788445,1020,1012,988,988,990,992,1017,988,986,991,991
789943,1001,1001,1000,1000,1000,1000,1001,1000,1000,1000,1001
790192,1002,1011,997,992,978,1015,1001,993,993,1015,1015
790760,1000,998,995,995,995,999,1001,995,995,999,1001
790791,1006,929,976,976,965,984,945,977,973,970,945
790851,999,1000,1005,1005,1005,1003,1002,1005,1005,1003,1002
791466,1000,974,941,935,928,943,974,931,940,940,940
791497,928,1007,1058,1058,1087,1069,952,1057,1058,1023,1023
791530,1062,1049,985,985,984,1004,1052,985,985,1002,1052
793684,976,974,985,987,990,997,980,987,987,990,980
793783,953,949,1087,1113,1089,1034,970,1091,1091,1040,970
795052,1000,1000,1004,1012,1025,996,1000,1000,1000,1000,1000
795176,986,973,989,989,989,981,980,989,991,991,934
796375,1049,1069,967,967,964,980,1055,967,963,963,1055
796462,957,953,838,888,888,945,955,894,894,920,920
797822,1031,1070,865,865,850,888,1047,868,869,894,865
797849,1027,995,949,947,941,956,985,946,946,948,985
798152,981,993,979,983,983,986,991,983,986,987,991
798411,1002,989,1010,1008,1007,1009,994,1008,1008,1008,958
798573,993,1002,994,996,995,999,995,994,994,993,995
799247,1019,1021,996,1000,988,988,1026,992,992,990,1026
799663,1002,1003,972,972,977,973,996,972,976,972,996
799732,1019,1047,1043,1043,1073,1036,1032,1043,1043,1032,1032
800383,1004,1061,1006,1006,1005,1006,1004,1006,1006,1006,998
800391,1093,1028,953,978,934,954,1056,953,954,947,947
800394,1000,1000,1002,1001,996,1010,1000,1002,1002,1002,1000
800416,1034,1030,1008,1031,1031,1031,1033,1031,1031,1031,980
801479,995,989,999,999,999,990,991,999,999,996,991
801813,990,992,997,995,995,999,993,995,995,995,993
802516,1196,1199,1003,1003,1004,1010,1195,1003,1003,1003,1003
802526,1004,999,999,999,999,999,999,999,999,999,999
803101,1060,1069,1058,1065,1052,983,1065,1057,1052,985,985
803352,1012,1015,999,999,1000,999,1015,999,999,999,1015
803879,983,983,967,965,1018,963,973,966,965,943,797
804422,1000,993,991,992,993,997,993,992,992,994,993
805662,990,1003,941,941,941,1051,991,941,941,1005,1005
805663,1016,1006,979,979,986,974,1007,979,980,985,1007
805749,999,1000,1024,1004,1004,1000,1000,1004,1004,1000,1000
805750,1020,1005,985,983,983,997,1006,983,983,997,985
805788,1000,1000,1002,1002,1010,993,1000,1002,1002,993,993
805789,1004,1004,980,985,984,985,1001,985,985,986,1001
806622,1003,993,1013,1016,1015,1016,1002,1015,1015,1015,1002
806666,991,980,992,992,983,996,990,992,992,996,996
806670,981,990,991,996,996,995,998,996,996,996,996
806901,1010,1025,1000,1000,1001,1003,1010,1000,1000,999,1010
806918,1092,990,1156,1114,1110,1088,998,1115,1115,1089,964
807109,1012,1007,998,998,998,998,1007,998,998,998,998
807140,1001,1001,978,978,978,982,1001,978,978,978,1001
807142,995,1000,979,981,981,978,1000,981,981,979,978
807158,1000,1018,1000,1000,1000,1000,1000,1000,1000,1000,1000
807160,1000,1000,1000,1000,1000,1002,1000,1000,1000,1000,1000
807184,988,987,1048,1048,1048,1038,986,1048,1048,1034,1034
807186,1000,979,1005,1003,1023,1005,995,1005,1005,1005,1005
807205,990,988,994,1000,1000,992,990,1000,1000,1000,990
807209,1002,1011,1013,1011,1015,1015,1002,1013,1015,1015,1002
807222,1000,1000,998,998,987,998,1000,998,998,998,998
807232,1001,999,1000,998,994,1000,1001,1000,1000,1000,1000
807274,1055,1004,997,1000,999,993,1034,997,997,997,985
807290,1014,1013,1018,1018,1017,1024,1009,1018,1018,1017,1009
807335,980,1029,1006,1006,1011,1005,1001,1006,1006,1005,1001
807382,1022,1031,988,989,1002,987,1017,989,989,988,988
807403,1003,1001,1003,1004,1003,1004,1001,1003,1003,1003,1001
807409,1003,998,998,996,996,995,1003,996,996,996,1003
807461,986,1012,996,996,1035,995,995,996,996,996,995
807487,958,1013,1057,1057,1050,1068,988,1057,1057,1055,988
807494,1001,1010,1000,1000,998,1001,1011,1000,1000,1001,1011
807509,1010,1008,995,997,996,1000,1004,997,997,999,1004
807540,1000,1000,1000,1000,984,1000,1000,1000,1000,1000,1000
807541,999,994,1057,1000,1000,999,999,1000,1000,1000,999
807543,991,990,1011,977,986,979,990,978,980,983,970
807592,993,992,1017,1020,1016,992,1005,1017,1017,999,974
807597,994,995,1000,1000,1000,1000,995,1000,1000,1000,992
807624,984,984,971,983,977,1040,986,977,977,982,982
807669,998,998,1000,1000,1010,1000,998,1000,1000,1000,998
807711,981,977,998,1000,1003,1006,984,1000,997,1003,984
807737,994,1008,1039,1035,1037,1035,998,1046,1046,1037,998
807754,967,966,997,998,998,996,966,998,998,996,996
807789,976,1010,1031,1031,1031,1033,1001,1031,1031,1031,1001
807813,994,996,1045,1046,1068,1044,998,1046,1046,1047,1047
807850,1000,999,992,992,992,1007,1000,992,992,999,999
807935,1002,1000,1011,1015,1014,1015,1000,1015,1015,1015,1000
807942,1000,1000,1000,1000,1000,1000,1000,1000,1000,1000,1000
808019,996,995,978,978,978,979,995,978,978,979,995
808050,1003,1003,1000,999,999,1000,1003,999,999,1000,1003
808063,1003,997,1006,1011,1011,1010,999,1011,1011,1006,984
808081,963,977,996,1000,996,999,978,996,996,999,930
808094,1078,1015,1004,1005,1004,1001,1006,1004,1004,1001,999
808112,1028,1031,999,1000,1000,1018,1017,1000,1000,1001,1001
808115,997,1011,983,1001,1002,991,997,1001,1001,1000,1000
808156,1007,1009,1000,1000,1004,1000,1009,1000,1000,1000,1000
808181,1001,1053,1003,1005,1003,999,1001,1003,1003,1003,1001
808344,973,1071,1003,1004,1002,1013,970,1001,1001,1012,970
808362,997,1000,1012,1016,1013,1013,1000,1013,1012,1008,1008
808378,1004,983,992,992,992,991,996,992,992,991,979
808412,1033,1023,987,989,988,975,1006,985,985,978,940
808458,1003,1001,978,985,985,987,1001,985,985,987,1001
808483,1003,1004,1005,997,999,996,1004,999,999,996,1004
808512,970,970,990,990,991,990,970,990,990,990,922
808540,950,943,1023,1012,1023,1010,945,1023,1023,1006,920
808561,1000,997,1004,1002,1004,1005,1000,1004,1004,1004,1000
808569,1003,993,986,985,985,989,997,985,985,985,997
808572,982,996,989,994,996,998,991,994,994,993,991
808603,992,1000,1005,1005,1006,1001,1002,1005,1005,1000,1002
808640,965,958,999,996,986,973,966,997,996,969,969
808642,995,995,997,997,996,997,995,997,997,997,995
808697,1016,997,1078,1077,1079,1039,1006,1078,1078,1038,1006
808700,1029,1026,1016,1013,1019,1004,1025,1016,1016,1000,1000
808708,1002,1011,991,993,1033,1026,1004,991,991,992,982
808765,1000,1000,999,1001,1001,1000,1000,1001,1001,1001,1000
808766,1002,999,1001,1001,1006,995,997,1001,1001,1001,1001
808776,993,983,932,933,964,978,994,932,949,975,913
808808,995,1013,1046,1044,1037,1038,999,1045,1040,1035,999
808815,1093,1071,1037,1040,1040,1004,1075,1040,1040,1000,1000
808829,1009,993,976,975,979,981,1001,975,975,979,979
808854,998,998,1000,1000,1014,997,998,1000,1000,1000,998
808895,1051,1098,972,966,975,944,1047,972,975,952,1047
809005,994,995,1000,1000,998,1001,994,1000,1000,1000,1000
809033,1027,991,1038,1058,1038,1040,1004,1038,1038,1040,1004
809040,1000,1000,1000,1000,1001,995,1000,1000,1000,1000,1000
809092,1024,999,1000,1006,1000,1001,999,1000,1000,1001,999
809177,1008,1008,995,995,995,995,1007,995,995,995,1007
809215,992,1002,1001,1001,999,1005,1002,1001,999,1006,1002
809228,927,896,1048,1047,1051,998,926,1047,1045,1004,1004
809287,1005,1005,1000,1000,1000,999,1006,1000,1000,999,1006
809303,1019,1049,1076,1078,1079,1155,1017,1078,1078,994,877
809331,1043,1075,1026,1026,1039,1027,1037,1026,1036,1033,1037
809344,1005,959,1054,1055,1022,1042,1005,1055,1022,1026,1005
809354,1075,1004,1023,1023,1015,1025,999,1023,1020,1023,999
809363,986,989,1002,997,1030,969,985,1005,1005,1003,972
809371,1006,991,993,993,994,992,990,994,994,995,990
809384,1001,814,993,993,993,991,999,993,993,993,993
809411,1000,1000,992,1000,1000,1000,1000,1000,1000,1000,1000
809414,982,999,1016,1015,1022,1023,1002,1015,1015,1016,1002
809429,1021,1022,990,991,989,1014,1021,989,989,1002,1021
809461,1000,990,1027,1035,1033,1034,995,1035,1035,1022,963
809496,975,954,1044,1044,1099,1031,975,1044,1044,1000,1000
809526,983,984,976,998,947,1007,975,986,987,1005,899
809620,994,1018,990,989,990,993,1002,990,991,991,1002
809625,982,982,961,961,961,964,982,961,961,961,961
809660,1002,1012,986,990,990,986,996,990,990,988,996
809670,1012,999,998,996,998,1001,1009,998,998,998,1009
809675,995,994,1004,1010,1004,1002,993,1004,1004,1003,993
809679,1004,1003,1002,999,999,1011,1003,999,999,999,1003
809680,998,1005,1002,1002,1003,1004,1008,1002,1003,1005,1008
809724,996,997,1005,1005,1005,1004,996,1005,1005,1004,996
809771,998,998,1000,1000,1001,995,998,1000,1000,1000,1000
809792,992,1015,967,989,991,970,987,989,989,972,972
809812,995,987,1003,1006,1009,1019,994,1006,1011,1017,994
809854,1002,967,983,983,937,1000,1002,983,983,1000,1000
809856,1089,1093,1044,1002,1007,984,1095,1002,1007,1012,915
809860,1013,1004,993,980,1003,1011,1004,993,993,1011,996
809910,1049,999,991,1000,991,991,1000,991,991,991,1000
809950,987,992,1003,1003,1008,997,991,1003,1003,1003,1003
810019,997,1003,1004,1004,1004,1005,995,1004,1004,1007,995
810047,976,976,999,999,997,1003,979,999,999,1000,1000
810054,1002,1002,1011,975,1003,1003,1002,1003,1003,1003,1000
810069,994,983,955,952,953,968,984,954,953,953,984
810186,1001,999,1000,1000,1000,1001,1000,1000,1000,999,986
810286,1003,938,996,996,998,998,1001,996,997,999,999
810352,945,963,1026,1026,1024,1007,962,1026,1026,1008,1008
810499,999,997,996,996,996,996,998,996,996,996,974
810509,959,986,1080,1080,1080,1086,959,1080,1080,1084,959
810539,1000,1002,1000,1000,1000,1000,1000,1000,1000,1000,1000
810652,1017,997,914,937,915,950,981,912,911,938,981
810684,1001,958,1009,1007,1053,1004,999,1009,1009,995,995
810742,1024,1017,1007,1007,1003,1005,1021,1007,1008,1008,1021
810775,995,999,1003,1015,1004,1009,993,1003,1003,1010,993
810815,971,990,991,995,998,996,984,992,992,989,984
810817,1005,990,1013,1015,1014,1014,997,1015,1014,1014,997
810819,1007,999,997,997,1000,989,1002,998,998,1000,1002
810872,966,969,948,948,947,947,958,947,947,947,958
810890,1009,994,1113,1042,1042,1050,1011,1042,1042,1026,1026
810910,987,991,1005,1005,1004,1001,992,1005,1005,1002,992
811006,1015,1013,1006,1003,1003,1010,1013,1006,1006,1006,1006
811051,1002,999,998,998,994,999,1001,998,998,999,1001
811061,1001,993,1024,996,996,993,1000,996,996,996,992
811090,995,992,997,996,997,1004,995,997,997,997,995
811109,1192,1082,1115,1127,1186,1149,1158,1127,1127,1137,874
811147,1154,1087,1024,1036,1037,1005,1073,1036,1036,1037,1073
811334,928,875,995,1006,1032,973,926,1004,1004,996,845
811340,997,1005,1007,1003,999,988,998,1003,1003,992,998
811341,999,1013,1075,1044,1075,1085,1011,1075,1075,1077,964
811390,1085,1085,991,991,991,1016,1074,991,991,995,941
811410,1018,1024,989,992,992,991,1014,992,992,989,1014
811443,915,918,1012,1011,1010,1029,922,1016,1016,1015,922
811451,1052,1023,876,945,943,910,1039,943,943,941,926
811487,1031,1012,1049,1049,1043,1055,1012,1049,1043,1043,1012
811506,995,999,998,998,1000,997,991,998,998,998,998
811524,978,994,981,992,986,992,980,990,988,990,990
811571,1012,1003,861,876,881,846,1007,876,876,890,817
811694,1037,1059,997,1002,1001,1000,1042,1001,1001,1002,1042
811717,1016,1018,989,991,990,991,1018,990,990,991,1018
811739,999,997,1006,1006,1006,1003,998,1006,1006,1004,998
811772,981,997,982,986,983,998,994,982,982,991,991
811804,1000,1000,1000,1000,1000,997,1000,1000,1000,1000,1000
812025,1035,1014,1024,1024,1024,1021,1008,1024,1024,1019,1019
812060,994,989,1036,1033,1033,1034,985,1033,1033,1033,985
812062,979,993,990,988,988,1005,990,988,988,1005,990
812103,1028,1033,1048,1056,1052,1058,1007,1054,1054,1019,1007
812176,1006,1004,1050,1050,1050,1050,1006,1050,1050,1050,1006
812178,999,945,1003,1003,1009,1003,999,1003,1003,1003,999
812255,908,956,1019,1019,913,1019,930,1019,1019,1019,854
812350,926,925,997,995,997,1001,927,997,997,997,858
812360,966,953,1043,991,1028,1022,950,1024,1024,1022,1022
812372,1012,1021,1003,1001,1002,998,1011,1003,1003,1000,1000
812376,993,995,995,991,995,998,993,994,994,999,993
812418,1002,1004,1009,1007,1007,1007,1005,1007,1007,1007,1007
812442,932,902,1024,1029,1030,971,899,1025,1025,953,789
812464,996,997,1002,1000,1002,998,996,1002,1002,1001,994
812651,1015,1001,989,989,973,1002,1012,989,989,996,920
812681,1009,1015,993,995,921,1000,1009,995,995,997,987
812688,973,1011,1032,1033,1010,1035,984,1033,1030,1032,1032
812749,990,984,1011,1006,1007,1002,988,1007,1007,1004,988
812800,998,999,959,995,1007,996,999,995,995,995,999
812804,991,1014,998,997,988,999,1007,998,998,998,990
812821,983,1010,999,999,999,999,989,999,999,999,999
812889,998,938,943,940,943,920,971,943,943,946,971
812949,915,862,1118,1117,1179,1159,896,1117,1117,1139,762
812952,1208,1110,1102,1094,1075,1168,1043,1087,1087,1093,1043
813018,997,997,1009,1009,1009,1008,997,1009,1009,1009,995
813083,1019,1256,1121,1070,1069,1067,1091,1070,1071,1064,849
813149,985,1049,909,894,912,880,969,904,912,905,765
813183,1080,1017,1254,1252,1248,1237,1048,1255,1260,1216,965
813184,1009,1001,999,999,1012,1000,1001,999,999,1000,997
813253,1023,1023,1000,1000,997,999,1024,1000,997,997,1024
813352,1021,1013,990,992,996,999,1016,991,991,990,1016
813366,992,991,1006,1005,1004,1004,991,1005,1005,1006,967
813371,1016,1012,999,1015,999,1008,1012,999,999,999,1012
813564,975,974,998,997,998,998,974,998,998,998,954
813630,1023,1034,966,989,1014,998,1028,989,989,990,942
813654,1128,1161,799,796,791,786,1122,796,792,793,754
813865,997,1008,999,1003,999,1002,996,999,999,999,996
813959,1005,1000,996,996,996,996,1005,996,996,996,1005
814003,1037,1058,986,976,986,993,1035,985,985,992,1035
814043,958,978,1005,983,1002,999,985,1003,1003,1000,1000
814048,1009,1008,961,962,962,991,1009,962,962,964,964
814107,1038,1089,1022,1023,1026,1017,1037,1023,1023,1017,1037
814113,1004,1011,1005,1005,1005,993,1011,1005,1005,997,984
814177,1019,1024,982,982,982,983,1022,982,982,982,1022
814244,1001,999,1001,1002,1000,1001,999,1001,1001,1001,1001
814261,992,996,1003,1004,1004,1001,997,1004,1004,998,997
814367,1000,1000,999,999,999,998,1000,999,999,1000,1000
814514,1066,1104,929,935,936,942,1037,927,936,931,840
814589,975,1018,1028,1047,1045,1065,994,1047,1047,1065,919
814717,1006,1002,977,975,1017,979,1005,979,979,979,979
814765,958,924,998,998,998,1008,954,998,998,1009,954
814902,999,1002,1003,1006,1003,998,1002,1003,1003,1002,986
814911,988,977,1016,979,979,962,977,979,979,979,979
815099,1030,1033,995,995,993,995,1032,995,995,995,1032
815224,1007,1002,993,993,993,993,1002,993,993,993,993
815244,975,983,1002,1003,998,999,978,1003,1003,1002,978
815357,1004,1002,970,970,968,970,1002,970,970,970,970
815488,1003,1010,1005,1005,980,992,1005,1005,1001,999,972
815548,1176,1092,1184,1156,1151,1198,1106,1161,1161,1161,1161
815599,994,991,995,996,994,1001,984,995,995,996,984
815781,971,998,1002,1000,1002,1001,970,1002,1002,990,904
815815,993,996,985,985,985,988,995,985,985,985,995
815976,1000,1000,999,999,999,999,1000,999,999,999,999
816004,995,1010,1002,1002,1002,999,997,1002,1002,1003,997
816042,1037,1021,981,981,980,982,1035,981,980,981,1035
816075,1002,1007,992,978,1031,991,1011,993,993,993,1011
816120,979,985,1011,1006,1007,1016,986,1007,1007,1010,986
816379,979,987,1014,1014,1013,1011,984,1014,1014,1006,984
816387,998,999,999,995,997,998,999,997,997,997,999
816526,1017,1017,970,970,949,970,1017,970,970,970,969
816791,1003,1001,1003,1003,1003,1001,1001,1003,1003,1001,1001
816966,1014,1001,998,998,1000,998,1010,998,998,998,983
817202,945,960,922,919,917,925,932,917,917,933,838
817207,994,997,973,975,977,991,999,975,975,982,999
817418,1007,1007,1000,1000,991,1000,1007,1000,1000,1000,1000
817625,1021,985,997,996,982,1008,1009,996,996,997,1009
817648,1006,999,999,997,997,999,1006,999,999,999,999
817762,1025,1047,1002,1001,988,1005,1027,1000,1000,1000,1000
817814,1001,1004,1001,1001,1001,999,1001,1001,1001,999,1001
817918,964,949,989,989,990,969,941,990,990,988,909
817921,1029,1032,992,990,991,993,1030,992,992,992,1030
818064,1000,1000,974,985,986,997,1000,985,985,997,996
818137,1008,1000,1002,1002,1002,1002,1000,1002,1002,1002,1000
818283,976,976,1006,1006,1006,1006,976,1006,1006,1006,976
818704,1012,1023,1060,1059,1055,1021,997,1060,1059,1030,857
818881,997,997,1006,999,999,999,997,999,999,999,999
819600,1008,1002,996,996,996,997,1009,996,996,996,1009
819696,1001,999,1013,1013,1013,1004,1001,1013,1013,1013,1013
819700,868,841,1030,1031,1031,1097,871,1030,1030,1036,774
820223,989,1001,1018,1017,1017,1004,995,1017,1017,1017,995
820319,999,997,1013,1020,1013,1002,997,1013,1013,1013,985
820324,1013,987,987,980,980,970,991,982,980,978,991
820477,934,935,885,887,865,938,930,886,883,907,857
820605,1047,1094,989,987,971,987,1043,987,987,987,987
820951,997,995,994,996,993,993,995,996,996,996,996
821269,1007,1004,993,993,993,995,1003,993,993,993,1003
821737,1016,1012,1089,1117,1027,1004,1012,1089,1089,1003,1012
821902,1022,1007,983,974,983,992,1008,983,983,1002,1008
829896,1085,1098,976,980,986,970,1061,980,980,962,835
892320,1082,1064,1023,1013,1022,1009,1054,1022,1022,1013,840
929417,1011,1017,994,994,976,998,1011,994,997,999,999
930785,1066,1040,1004,1007,1006,1006,1035,1006,1006,1006,1035
931476,999,998,996,997,997,995,999,997,997,1001,999
931480,1017,995,1004,1010,1003,1015,994,1004,1004,1003,994
931757,984,1086,1021,1021,1021,1001,1038,1021,1021,1010,931
931766,1003,1009,1012,1007,930,1011,1003,1007,1007,1007,1003
931813,972,992,965,946,943,953,994,946,947,953,994
932076,917,1007,1088,1091,1085,1080,985,1085,1084,1082,900
933057,1034,993,901,897,896,896,990,897,895,894,990
933275,829,826,1024,983,1024,1049,838,983,983,982,982
933401,991,997,1017,1017,1018,1020,997,1017,1017,1017,1017
933517,1077,1138,1005,1006,1012,1003,1071,1005,1005,991,888
933519,1000,1008,1025,1025,1048,985,1000,1025,1025,985,1000
933533,999,998,1000,1000,1000,1000,999,1000,1000,1000,999
935268,1044,992,1040,1039,1038,1039,994,1040,1038,1038,994
935272,1003,1000,1009,1005,1064,1009,1003,1009,1009,1009,987
935856,993,987,992,986,992,997,993,992,992,993,993
935880,905,965,975,981,968,982,967,975,975,975,975
936475,1018,1067,1112,1112,1114,1117,1011,1112,1112,1102,938
936493,1038,1022,1000,1001,998,1000,1038,1001,1001,1000,1000
936807,945,981,984,975,976,974,934,984,984,953,934
937035,1000,998,1008,1005,1004,1004,1000,1006,1006,1004,1000
937258,1010,1013,1005,1001,1008,1002,1010,1008,1008,1007,1010
937600,980,984,1006,1003,962,1005,984,996,1002,1005,1005
938427,996,1006,991,990,990,992,999,990,990,990,990
938515,1002,1000,994,994,994,994,997,994,994,994,997
938519,997,1013,1041,1037,1036,1029,1002,1037,1037,1032,1002
938676,978,998,999,999,999,999,998,999,999,999,998
939349,1003,1001,1005,1005,1005,1014,1004,1005,1005,1009,1004
939393,1001,999,1000,1000,1000,1000,1000,1000,1000,1000,1000
939397,981,994,979,978,981,984,997,979,981,983,997
939591,1226,1133,958,1031,1008,982,1097,1011,1011,989,863
939617,1069,1088,939,937,937,906,1040,937,937,942,1040
940329,1001,998,996,996,1001,994,1001,996,996,997,1001
941119,1012,1007,986,986,984,987,1008,986,986,988,1008
941156,949,1016,1020,1023,1011,1011,971,1020,1020,1014,971
941320,1002,1000,1000,1000,1000,1000,1000,1000,1000,1000,1000
941485,990,1002,1003,1003,911,998,994,1003,1003,1003,963
941507,994,1011,997,997,1061,989,1012,997,997,989,1012
942414,1005,1008,1012,1007,1013,1009,1002,1012,1012,1009,1002
942907,1003,1002,998,1003,1003,998,1002,1003,1003,1000,1000
942925,994,999,1017,1016,1018,1019,1005,1016,1016,1016,1005
943579,1010,1004,1027,1031,1027,1028,1010,1027,1027,1027,1010
944457,999,993,1001,1003,1003,1010,988,1003,1003,1003,1003
944653,1059,1061,1059,1059,1093,1070,1061,1059,1062,1058,980
945267,987,998,991,991,997,995,997,991,991,991,997
945328,1000,998,1000,1000,1004,1000,1000,1000,1000,1000,1000
945549,1047,1051,982,980,980,979,1049,980,980,979,935
945567,1005,1004,998,998,996,998,1004,998,998,998,997
945753,999,999,999,999,999,999,999,999,999,999,998
946020,1006,1003,1001,1001,1002,1002,994,1001,1001,1002,994
946610,996,1021,965,964,964,948,998,964,964,974,998
948876,1003,998,1001,1001,1001,1001,998,1001,1001,1001,998
949173,1001,1007,1000,1000,999,1004,1001,1000,999,1000,1000
949192,1005,1014,1000,1000,997,1000,1005,1000,999,1000,1000
949216,1002,996,976,979,979,949,996,979,979,999,999
949625,1000,985,1011,1015,1003,1013,994,1011,1011,1011,1011
950082,999,995,998,998,1000,998,994,998,1000,999,999
950092,1011,1072,1041,1028,1017,987,1018,1027,1017,1017,937
951484,994,987,979,980,975,984,997,979,977,981,969
951499,997,1006,1004,1004,1005,994,1002,1004,1005,998,957
951896,932,936,979,963,961,923,933,961,961,919,787
951905,1006,998,990,988,989,1054,998,988,988,989,998
951964,1002,999,1006,1006,1014,1004,1000,1006,1006,1006,1000
952873,1024,1019,1045,1046,1058,1037,1023,1046,1046,1046,1023
952886,998,987,1003,1001,1005,1004,985,1001,1001,1004,985
953099,1073,1006,1062,1063,1061,1025,988,1064,1061,1053,988
953102,975,970,988,989,987,1018,977,989,988,985,832
953115,984,995,1006,1006,1004,1004,994,1006,1006,1004,994
953164,1011,996,1014,1016,1015,1007,1008,1016,1010,1003,934
953429,1015,987,1003,1003,1003,987,1006,1003,1003,1003,1006
953434,990,998,988,998,996,1004,997,998,996,1001,1001
953475,998,975,1004,1004,1004,1006,998,1004,1004,1006,998
953529,1017,1025,1009,1020,1018,1017,1007,1020,1020,1017,1007
953531,1004,1012,1023,1021,1020,1017,1000,1020,1020,1017,1000
953559,996,993,994,994,994,994,993,994,994,994,993
954050,988,993,1008,1008,1027,998,989,1008,1007,1008,985
954438,1014,989,983,983,987,984,1000,983,983,981,1000
955367,1086,1059,1065,1065,1111,1073,1080,1065,1066,1063,1063
955556,1080,1020,963,963,954,969,1012,963,963,968,1012
955952,1053,1016,992,987,987,990,1016,991,989,988,988
956412,1008,1000,992,992,993,991,1004,992,991,991,991
956430,1027,1025,1000,1000,1016,1000,1027,1000,1000,1000,1000
956463,1005,1006,1006,1006,1007,1007,1005,1006,1006,1006,1006
956474,1017,1025,1006,1006,1006,1001,1016,1006,1006,1006,958
956710,1001,1002,999,999,986,999,1002,999,999,999,998
956754,1000,1000,1000,1000,1000,1000,1000,1000,1000,1000,1000
956872,1028,1014,1016,1030,1026,1033,1023,1016,1016,1019,1019
957328,994,1013,1001,1000,1000,1001,995,1000,1000,1000,995
957532,982,789,1019,1035,1015,1017,958,1018,1018,1021,1021
958439,1140,1140,1009,1016,1022,935,1110,1012,1012,1015,1110
958459,1000,1000,998,998,998,998,1000,998,998,998,998
958627,1009,1037,1037,1027,1048,1033,1005,1037,1037,1030,978
958754,1049,1089,1008,1010,1009,980,1040,1008,1010,976,928
958769,1001,1000,1000,1000,997,1000,1000,1000,1000,1000,1000
958934,1018,1045,1029,1030,1030,1029,1034,1030,1030,1030,1034
959816,998,1006,988,987,987,986,996,988,988,985,996
959851,1022,1011,925,925,919,942,1022,924,924,942,904
960062,878,886,1119,1122,1120,1218,889,1121,1121,1171,889
960464,1003,1002,991,992,991,991,1002,991,991,991,991
960848,1014,1020,985,985,985,989,1001,985,985,988,1001
960862,982,986,1035,1015,1002,1014,986,1015,1016,1014,983
961182,1007,1011,1012,1013,1015,1012,1009,1013,1013,1014,1009
961507,836,872,1040,1035,1028,992,881,1017,1017,1006,881
961823,985,997,962,968,965,964,996,961,961,960,886
962285,983,994,989,988,1001,991,968,989,989,989,989
962510,981,939,1050,1018,1056,1043,949,1050,1050,1040,897
962516,1067,1077,973,973,976,985,1072,973,976,976,1072
962915,991,1048,1045,1030,1065,1019,992,1031,1031,999,859
962981,1005,1005,1001,1001,1001,996,1004,1001,1001,1001,1004
963233,930,957,1004,1035,1031,1005,950,1035,1035,1010,923
963289,1128,1183,988,998,982,1007,1161,998,998,996,1161
963592,915,964,1001,1002,1002,1208,946,1002,1002,1003,946
963730,1022,1032,995,994,995,992,1021,995,995,997,1021
963981,997,991,1017,1017,1015,1011,1000,1017,1013,1012,1000
964035,1026,1002,933,934,935,933,1002,934,934,934,931
964134,1001,1005,992,992,992,991,1003,992,992,992,1003
964215,1014,1011,973,966,973,981,996,973,973,969,996
964490,1027,1012,990,987,987,987,1012,987,987,988,1012
964636,1050,1031,1338,1371,1350,1349,1025,1340,1339,1248,1025
964960,1000,999,1010,1010,1009,1010,1001,1010,1010,1011,1001
965341,954,996,991,1002,1001,983,987,1002,1001,982,987
965549,1020,990,1004,997,994,1026,984,997,997,1005,984
965976,990,1001,986,984,985,980,1001,985,985,977,1001
966121,952,895,983,978,1013,1034,936,978,1013,1005,798
966810,1004,995,1010,1011,1011,1010,1005,1011,1011,1011,1005
967103,1002,1001,990,989,1019,992,1003,990,990,990,990
967116,1008,1009,964,999,963,972,1009,964,964,972,1009
967242,1012,985,1001,1001,1000,1000,1022,1001,1000,999,1022
967287,928,891,1085,1077,1085,1065,873,1085,1085,1057,873
968461,1003,982,1022,1022,1022,1016,982,1022,1022,1022,982
968695,1006,1004,980,979,979,979,1004,979,979,979,1004
969010,988,987,1007,1006,1008,1000,980,1008,1008,1006,980
969077,978,985,983,983,983,983,978,983,983,983,978
969177,1007,1078,982,982,982,983,1007,982,982,982,962
969340,1002,1017,1017,1014,1013,1016,1004,1014,1015,1009,1004
969698,911,1025,1012,994,984,1005,939,995,995,991,939
969969,1011,1012,989,989,989,989,1011,989,989,988,988
970238,996,1002,996,998,998,1001,1002,998,998,998,1002
970256,1001,1000,1003,1003,1003,1002,1000,1003,1003,1002,1000
970257,1000,992,1014,1007,1007,1007,995,1007,1007,1007,995
970591,991,986,988,988,990,991,992,988,988,992,992
970727,1004,991,992,997,985,992,998,992,992,992,998
970743,1005,1004,1007,968,1007,1006,1004,1007,1007,1007,994
970790,1007,1014,993,993,993,989,1024,993,993,993,993
971135,1017,1009,1026,1020,1033,1028,1008,1024,1024,1018,935
971152,997,997,1073,1072,1072,1068,997,1072,1072,1073,1073
971542,1010,1004,993,992,993,986,1002,993,993,987,1002
971668,1009,986,994,994,994,1020,990,994,994,994,972
971705,1005,1008,1006,992,990,906,1007,992,992,992,992
971809,981,984,1002,1006,981,982,987,1006,1006,1006,1006
971987,1000,999,1000,998,1000,1000,999,1000,1000,1000,1000
971994,978,978,1026,1009,1026,1029,944,1026,1026,1026,944
972423,985,1013,980,980,966,983,999,980,979,980,999
973658,1004,1040,999,1001,1067,999,1004,1001,1001,1001,1001
973722,998,1001,1025,1027,1028,1022,999,1025,1025,1023,999
973734,1048,1024,938,940,946,935,1038,940,940,940,849
973877,987,991,999,999,1000,998,992,999,999,996,992
974394,999,1005,999,999,999,999,1000,999,999,999,1000
974540,985,994,994,997,997,998,991,997,997,997,991
974676,1056,1056,1033,1043,1031,1028,1059,1031,1031,1027,1059
974744,1003,1002,995,995,1001,995,1002,995,995,995,1002
975105,1042,1052,934,929,934,935,1054,934,934,934,1054
975485,1069,1027,932,935,929,936,1000,933,929,936,1000
975529,978,976,1008,1001,995,1010,979,1009,1009,1009,1009
975530,1018,1019,998,1000,1000,1000,1019,1000,1000,1000,999
975536,1001,1001,971,971,971,996,1001,971,971,970,1001
975945,1000,1000,1007,1004,985,1001,1001,1007,1007,1001,983
976128,1015,1054,1020,1020,1023,1020,1011,1020,1020,1020,1011
976133,985,985,991,1001,974,1001,984,1001,1001,1001,1001
976233,978,975,1010,1008,1008,1008,978,1008,1008,1008,976
976836,977,1058,1000,1000,1000,1000,994,999,999,999,994
976969,1047,1023,999,997,997,936,1031,997,997,967,967
977028,962,1012,998,998,998,970,1012,998,998,970,1012
977510,1005,1009,1000,1000,1000,1000,1005,1000,1000,1000,1000
977549,1020,998,951,954,958,936,987,951,951,951,987
978533,1006,985,1014,1012,1019,998,999,1014,1014,1019,999
978557,1067,1038,911,913,906,919,1037,913,914,912,867
982700,988,992,1003,953,1003,1014,983,1003,1003,1003,1003
982732,993,992,1007,1007,1007,1004,996,1007,1007,1005,996
982747,1000,999,1003,1003,1005,999,1003,1003,1003,999,1003
983184,993,1004,1007,1007,1007,1002,1009,1007,1007,1004,1009
983455,1008,1138,1061,1003,1015,1031,1002,1003,1003,993,849
983722,1016,1031,1005,1005,1005,1012,1026,1005,1005,1005,950
984008,963,958,983,984,958,978,963,985,985,982,982
984114,1027,987,998,998,996,996,1000,998,998,996,981
984282,1003,1000,1001,1006,1001,984,999,1001,1001,1001,999
984374,1018,997,1000,1000,1000,999,1007,1000,1000,1002,969
984599,1000,995,1048,1047,1048,1046,994,1048,1048,1049,994
984693,982,1010,988,994,989,987,977,979,996,996,835
984786,1009,1014,969,969,969,976,1008,969,971,972,972
984833,993,990,988,989,988,979,991,986,986,984,954
985215,989,1015,977,977,978,975,998,978,978,975,998
985224,1045,1004,1001,992,991,942,1065,992,991,951,951
986157,1020,1024,990,989,989,990,1030,989,989,991,1030
986167,974,931,981,977,955,977,945,976,976,976,945
986180,1048,1046,1025,1021,1023,1022,1038,1025,1024,1034,879
986198,1000,1000,1000,1001,1001,1001,1000,1001,1001,1001,1000
986428,1039,1002,1102,1100,1101,1128,1023,1101,1102,1090,1023
986594,988,997,980,982,983,997,996,982,982,1001,1001
987383,998,999,1007,1007,1006,1007,998,1007,1007,1007,998
987906,1007,1006,1004,1008,1010,1005,1003,1007,1007,1008,1003
988292,979,985,1004,1004,1034,1007,986,1004,1004,1000,982
988945,1000,996,1008,1008,1008,1001,999,1008,1008,1001,999
989185,955,974,936,936,936,968,973,936,936,968,902
989322,1024,1043,971,972,971,977,1018,970,970,975,1018
989349,1032,1011,947,948,947,943,1006,947,947,943,1006
989436,1002,1000,1000,1000,1000,1000,1000,1000,1000,1000,1000
989696,1000,1006,1000,1000,1008,1005,1000,1000,1000,1000,1000
989777,1001,1000,1009,1009,1009,1010,1000,1009,1009,1008,993
990026,1014,1001,1003,997,1003,1000,1000,1003,1003,1000,1000
990068,996,1003,996,997,996,998,1003,996,996,994,994
990103,1032,1047,1147,1089,1086,1071,1057,1087,1087,1074,1057
990249,1014,1008,1003,1003,1006,1005,1003,1003,1003,1005,1003
990289,956,1002,1012,1012,1012,1008,1003,1012,1012,1013,1003
990803,1006,1019,999,999,999,993,1006,999,999,999,1006
991045,952,1002,1016,1016,991,1017,1000,1016,1005,1014,952
991218,988,984,996,996,1001,990,984,996,996,996,996
991273,998,998,994,996,998,1006,996,998,998,1003,1003
991300,1018,1011,998,998,998,999,1006,998,998,999,1006
992423,990,990,1018,1018,1019,1002,990,1018,1018,1018,1018
992633,994,966,994,997,997,996,997,997,997,996,997
992961,1018,967,989,991,984,1005,965,992,992,999,840
993257,1059,1014,980,979,992,989,1020,979,979,988,1020
993477,1042,1037,993,996,993,1003,1021,993,993,987,1021
993606,917,952,1028,1017,986,1037,944,1014,1012,1023,874
993694,1029,1103,840,829,839,849,975,840,840,840,975
994084,965,969,999,999,980,1008,968,999,999,999,942
994223,989,1134,948,948,950,975,987,948,948,948,948
994448,989,985,993,987,989,997,990,987,987,988,988
994483,998,988,1093,1095,1095,1105,996,1095,1095,1095,996
994577,1003,1003,1007,1007,1007,1007,1003,1007,1007,1006,1003
994867,1003,991,1002,1003,996,1005,1003,1001,1001,1001,1001
995244,999,1007,975,976,975,985,1005,975,975,984,959
995313,1011,1011,1021,1021,1021,1021,1011,1021,1021,1021,1021
995318,1002,993,958,959,963,959,986,959,959,965,965
995485,1001,988,980,987,993,1002,1000,982,982,990,957
995528,1017,1009,1017,1016,1018,1015,1007,1017,1017,1015,1007
995561,1022,1027,1009,1005,1014,1001,1029,1005,1005,1003,973
996035,1006,993,1037,1036,1037,1060,1006,1037,1037,1040,1006
996377,970,951,1003,1003,1003,1001,959,1003,1003,1007,1007
996427,996,986,996,1017,992,958,989,992,992,984,939
996434,1003,983,993,994,992,990,994,993,993,989,994
996436,1078,1031,1038,1039,1028,1037,1041,1039,1039,1039,1041
996870,873,888,1071,1075,1075,1044,827,1076,1074,1042,827
997001,1007,1000,1000,1000,1000,1000,1000,1000,1000,1000,1000
997046,988,988,999,1000,1000,1006,988,1000,1000,1000,1000
997282,1018,1009,1068,1068,1068,1162,1016,1068,1068,1068,988
997417,1072,1036,936,936,936,999,1047,936,936,990,1047
997743,1020,1006,993,992,989,990,1011,993,993,989,967
997853,1001,1001,1000,1000,1000,995,1001,1000,1000,1000,1000
997982,1008,1005,991,1006,997,997,1003,997,997,997,1003
997990,1058,1060,992,1000,993,962,1057,992,992,993,1057
998020,1049,1042,919,916,907,910,1017,919,918,910,830
998030,1001,1004,1005,1004,1008,1005,1004,1005,1005,1005,1004
998691,982,978,1020,1021,1020,1018,980,1020,1020,1018,961
998788,993,987,988,990,990,982,993,990,990,990,993
998960,994,1007,997,997,1006,998,994,997,997,997,972
999016,957,951,991,991,990,984,955,991,991,986,955
999042,1029,1044,978,1003,1002,999,1036,1003,1003,1003,1003
999069,1000,1017,1001,1001,1001,1001,1000,1001,1001,1001,1001
999139,1004,1013,1011,1011,1011,1011,1003,1011,1011,1011,1003
999464,1038,1048,1167,1130,1121,1016,1037,1119,1119,1034,1034
999465,1004,985,946,1023,1025,1005,1006,1022,1027,1006,891
999520,1010,1010,1002,1003,1001,1003,1011,1002,1001,1005,979
999580,1011,1012,1023,1020,1025,1017,1009,1023,1022,1022,1009
